id,Country_code,Country_name
0,2609,CJ8lC
1,-5899,1Q4
2,3511,VlrzRKza
3,-2681,0EvA4Fzs
4,2711,6YOrOY
5,2844,xA
6,282,tWaTHlf5yL
7,-2560,Wz1IYUSopq
8,5692,2oUiEd
9,7559,Xxs
10,1122,bgdYT
11,7790,3LGRZsP
12,-3587,bVoNC
13,-8593,vEW2ijYyj
14,7677,xOhnh1
15,-2067,y5Od
16,-711,a
17,3764,J855M
18,3565,Y7
19,4504,8IXAET
20,7372,zyGNK
21,2914,InkS5Y
22,7689,JYfmy
23,2523,9neW5ai
24,9906,AZkrte
25,-5718,7qFLFaG
26,3411,Nl
27,-523,u5
28,4766,tDiG
29,637,2g6EG
30,5124,bMGkP1EGz
31,8783,xv0l1gduj
32,-4043,L8y0q
33,7728,Fi3qsjj
34,5518,oQachh
35,5971,5eA
36,-2510,2zRuRjSmE
37,-9248,I6nJunaSY
38,5194,Coc2KGEQ
39,6035,kxnyU1QhQ
40,8000,a4kklYMz
41,4386,p
42,1300,ZAy
43,-398,GB7sQnRz
44,-8753,5m2Wu6drj
45,6087,Z1FWhvE
46,-4388,0
47,6870,045I
48,-2512,8skxu
49,9554,YGMht7aA5E
50,5374,vFev
51,5149,YNHD6F
52,-3007,EHrtzv
53,5892,h7Jb
54,7840,eNxUd
55,-231,nmm
56,6865,tkHjsIQ
57,-67,H5MN
58,-5243,F4H
59,6691,zR
60,6823,C
61,3413,DE
62,-1000,XOhv
63,-5630,q9Heh
64,9666,zIcg9kbm1
65,3829,hvMkmUNF3
66,-8403,mQPWR
67,1002,Gk0C3Go
68,-7599,c
69,2162,2ZG
70,-7508,S7m
71,1355,xjXYPaC
72,4204,44aXY
73,-3092,3q25UwaMx
74,-6603,if17i
75,-6180,wGypjP
76,3714,f3QLl
77,333,pt
78,-56,ua
79,-6053,v056VTlqfa
80,-2127,ArLFl
81,-4812,FfL
82,4226,69edbqfc
83,2939,I2kpA
84,-2930,Y4L
85,-7521,6z
86,-5331,t
87,5881,h9QeC3QP3
88,4842,o0j
89,-1490,Ap
90,-4608,XdLbDM5GN
91,-4360,GJb
92,-5026,vqUM7qJ
93,2389,Y20BavFv7
94,-3935,IJZXy4lPTv
95,-3285,eZdKPg
96,8036,3U
97,83,XPIuh0VG1
98,8270,BXbMN7Pl9c
99,-9805,CFsV
100,8389,Pw
101,-1658,qk6Iq9zbwD
102,9741,wd35y0fd
103,6416,svet3S
104,-5837,PR4LEYLP
105,5714,WMMSum
106,-2087,6PYRdvSfad
107,3146,9x4GY
108,9389,bFrfE8
109,8020,ItAajRHty3
110,-3929,0FUqJj4T
111,-8563,O78xL
112,-8852,nr
113,5415,RElvV53
114,1069,crSh9
115,-570,G
116,9093,Rb
117,1152,Ut2
118,9107,lCx4U
119,-9116,RJzd
120,-1359,bXwyLG
121,-1786,UJKmuM059
122,-1533,ypk5
123,8404,VWPZojIq
124,-6585,8UC0PV8RU
125,-1429,mDrUlryuU
126,-6004,23Ew
127,6469,8LEHwDTSY
128,0,5OJWIK1mcK
129,-8578,p
130,-3711,4k
131,-1073,w
132,-9863,rzP6mUvaiX
133,-6951,Ab6nxNAu
134,-5222,zeZKn
135,7764,N3vg
136,7792,d1QTaw2lDs
137,6300,rwcn
138,7703,GNjlQ
139,3417,fzOC51s0
140,4835,si
141,-1723,wg3N6F
142,5160,0fAkuil1y
143,-5653,Sl
144,1438,ca
145,5893,bp1WjnQjp
146,8572,6
147,2642,y4s5DH
148,8561,KyiiCtwn
149,-6415,WYRH0ECy
150,-8796,yDQQ4
151,-725,o70
152,-6777,XQh09
153,8186,2HOE3ZKw
154,5652,65CFo0QWR
155,-1840,RR20rjl
156,7048,eHdRIW
157,7208,SPk
158,5919,8Lfd
159,3477,OYz
160,3339,aEwLlaDR6z
161,-3940,IEw0bq1iTq
162,3073,CYJdF
163,9227,sqH1KxsJx
164,-1253,So0
165,4516,ys
166,-4001,zic
167,6601,hmUUL29koA
168,2962,XoQLbA
169,3476,df1k7W4
170,-1317,3Xq
171,-8503,WSJruF6
172,-3246,OrMqp
173,-1631,3SHfLJ5
174,-6689,8TJJ
175,498,i
176,4180,R4tra2YJo8
177,-7242,wjyB8PeLhI
178,4031,KR
179,-2996,Gmd7
180,3833,xyL
181,-144,vyRHOCD9P
182,-1623,Vd
183,9509,SP31TdPzmg
184,254,MJ8XWObu6d
185,-745,IpgSWb
186,-9443,1
187,-1220,jPezbziWrb
188,-2937,xJHMxLJ1dY
189,7195,zgA
190,-1436,wNDcyOEBr
191,434,NrTu
192,5661,o
193,-4106,ah
194,3195,YRph
195,5226,e
196,-9739,ej
197,7625,BbxAl276
198,-4413,aJ77LegLYF
199,-728,2HpQ
200,5480,Ci7oXPcOq
201,9138,gFSR
202,-5845,GEtW6TB2V
203,-6399,VWX
204,-4883,ZP
205,3310,fzb0
206,6604,5CXvoNfPa
207,-3374,9
208,3842,Y
209,2010,cR9Br34Ecc
210,4403,3mz9QQp
211,-2415,C
212,7761,GHcD2
213,722,NJgsc5
214,4735,Tg1XTZ
215,-8639,P
216,-1381,N
217,-9320,jpp4z
218,2631,q
219,2492,2F0TP7VbP
220,5324,iSmWHm
221,2296,nhrOlRLPI
222,-1200,XwjN
223,-9768,aX1D4eD
224,4934,wU6pcznJfO
225,6739,T5A
226,1201,WbRnfU
227,-4493,w
228,-5610,f
229,206,UBNZUDKb
230,-768,TZ5
231,1075,7cSJ
232,-1486,4
233,8251,O
234,-4545,siC6I
235,-1214,SEFFpL4C
236,-1043,D
237,-1187,WFh
238,-5018,9tgh7Z2
239,2928,LE4MnZF7om
240,-5500,74WxDAK
241,-3171,3s
242,5143,jxkps8
243,3463,RAG
244,6875,o1Lx
245,8656,x6
246,4046,gBfx
247,2673,1NQX
248,2973,oXQ
249,-6203,4J
250,-4578,AM0VA
251,5661,BpL
252,2479,hE5Deo1
253,9653,CYj
254,-9756,7
255,7266,zscdl90x9
256,-6554,7rQ47iW7
257,-8965,DOsRHWQA
258,-8958,m
259,9006,7gR4n
260,6482,SG
261,6965,jjZAm9
262,-8401,1ejq
263,9213,7hp
264,1999,tcgLPNw
265,-6254,V1
266,7176,qYC
267,-239,eVMigQ2fK
268,-1300,tLA0E2L
269,-2683,3E
270,1246,13o4
271,5210,47
272,3027,z94
273,9096,tC
274,6498,M5EAUB0
275,-6342,8RyD6l
276,-2918,bJpfAEu2
277,3106,y7xoSDB
278,-9126,5
279,-2749,w1kWhYjgnG
280,-2466,5
281,-6387,SWO
282,3036,b
283,1975,obA85g9
284,-4248,oqM0
285,9552,1fMxpSX
286,-2870,B
287,5692,4H17
288,1413,B9LOP
289,-5037,bUGyXl3at
290,4142,6z
291,-1253,4
292,-367,hq1EA3
293,-5199,u5lB
294,7380,DSVrz
295,-5258,qKUutWP
296,4376,WQyFKp71E
297,-1438,fUOhGYUI3
298,7844,aIjv
299,9054,Iz
300,8150,NckM
301,-6697,0as0C
302,6860,zuQZ
303,486,RPC3TQ
304,-5849,MYpSISIq
305,-140,EGP9
306,-8772,s
307,2432,d6aOT
308,-711,fzrYGORBE6
309,9391,y
310,4296,1f
311,4478,N
312,4314,bpz
313,-8272,4
314,-690,U32dj
315,-5710,XidI5r
316,9597,hoW
317,-7689,gQmadvuLw
318,4521,j
319,4606,tpcJ8eez
320,-468,8i
321,1129,ikdn1ayofY
322,-3543,2ApYMg6I8
323,1643,4mrZhBs
324,5050,5C46Bs2LU
325,-3104,xU6cZdhy
326,4891,nJA5
327,5240,iC6Fubh
328,-1282,XS
329,-1026,r6L
330,6148,z
331,-5288,L6e
332,-7307,To0CffCa
333,-9526,dy
334,-4522,66g0E
335,8667,n
336,-1670,pkVlid
337,-4777,vuZ
338,-7023,GvTSc
339,9640,Nk8dDE3
340,-6286,ZZDJvfK
341,5460,OuTw
342,-3323,JsZUmcIfZX
343,-8245,NKpAMfy
344,-212,3
345,3419,wr8Va
346,-1216,6UA5
347,-4690,vRHWRI
348,-7757,tqksH3
349,-5265,H7Qh9
350,-4504,KwQTFA
351,821,WeNYN76
352,-2515,P7ZRFPf
353,6233,Ev8aWed0HM
354,6036,92F5Ga4tbH
355,4128,7y
356,2858,NelV
357,7199,1
358,-5879,gDenZLB
359,9022,Qo
360,8172,lZtyVY4xt3
361,3285,zC
362,5555,XV
363,-293,6T3OArw
364,3848,UvC
365,-521,S924ABgf
366,-780,S76
367,-4525,YOQkFLFyg
368,9830,Te
369,5633,JJHuwEUX
370,3154,FERFN
371,6701,uEAk0y
372,-5062,ksF1KxUw
373,-851,QeVO3U
374,1542,43g
375,-1910,i0
376,-9774,KUc7
377,2618,tkvWjS
378,6161,3M0vmC
379,5941,0qiYf19uc
380,-831,S7x
381,-9950,SWvN
382,4819,sU
383,-3595,7UiHlsdG3
384,96,Y6Vw9RhwPl
385,-4805,UQ6PuHR0ry
386,231,VR
387,-9171,wNu3Qb5Uvv
388,-3439,hl
389,717,gQ9Z5G8b
390,-7000,PBI
391,-774,DGrRE
392,9654,GL6atVI3
393,-6730,Nfk42jar
394,-5812,Pl3hYmIcL
395,-1926,70KitcDg
396,2145,bU
397,-8793,54y9z
398,-3314,UWWG
399,1078,QR2psC
400,7934,e1NY1L04Se
401,9865,k5Xu8taujv
402,5880,zU59gfIU0T
403,-9549,4qK
404,6380,AKFMAE
405,-8640,d2
406,3145,7GRJ
407,-7813,tJe7isKNoF
408,6346,E
409,418,JvR
410,-8990,trkK0V
411,1595,5sfT24Lh
412,7170,X
413,-1360,Ij
414,-267,u64xYy6jqI
415,-9066,sA7goz6x
416,1186,0ezxMsPRB
417,-9507,qVtm84PMa
418,-66,8tz
419,-7739,KgH3IUY
420,-6018,t8i2Swzyhy
421,3874,8AQ
422,-2352,B
423,-4519,CApVUokDD
424,-2959,x2W
425,2712,PGp2
426,-9828,qdGFxY
427,-9502,iA
428,-5339,aKFA
429,5251,b8z1SaAL
430,8969,pZ
431,-9262,ysr
432,-7620,Dm
433,8390,EzBMJpue2b
434,-5037,koLbX8f
435,962,i01Mw
436,4067,mwc
437,-7330,TokSc0Ud
438,3900,GPFW2c
439,2246,7G
440,9736,wv0RmHft
441,3067,hbV
442,9326,yMklJVT7z
443,5606,lChl7
444,-9652,hvAH5
445,5058,PaL
446,9498,XTXsX8wnOh
447,-9888,vLEScxBS
448,-4914,8ZcwMkcc
449,7103,YfBhN
450,-3354,0y3eS8h2lH
451,-5972,YQ1f
452,6090,kDkH
453,2356,1yCtBrd
454,9129,vp
455,-4138,C2rNj
456,4597,T
457,-297,yiBiIYq3T
458,-389,b
459,4692,j1jTrxII54
460,8623,XZU
461,-9436,q3GG5EO9i
462,-4904,KSPxdc
463,-293,QmP
464,-1100,M9
465,6253,i
466,-4074,epQz
467,-9989,MW
468,-7411,jhdNz
469,5680,dK
470,8948,a0waGc
471,-2883,unKwJ
472,-6926,ga5NLQcpzL
473,6661,A
474,-4620,x
475,-2906,PjctTSGhd8
476,-7184,BB4ERm
477,2120,46DHd
478,6911,x
479,9937,XIgp
480,-4718,xn8bd1i
481,-941,WCUhF5
482,8426,Q
483,-481,3Nq1
484,4588,zLW
485,5795,L
486,9617,UaUl7fs0iM
487,-555,hDTGK
488,-9102,M
489,-2945,fUcA3X
490,3631,hMBDf5Fdg
491,4883,847zqAB
492,9708,y
493,-6573,SHdkASYX
494,3462,T
495,-5475,uvUuW3clY
496,-3965,t
497,4014,i2QUnCaGTv
498,7496,mpwM
499,-3137,nv
