id,Transaction_Reference_Identifier,Execution_date,Description,Type_description,Subtype_desciprtion,Trailer_description,Alternative_trailer_description,Instrument_number,Instrument_Name,Transaction_amount,Issuing_date,Posting_date
0,7bZOWGK,2025-01-27 19:55:19,CBQj,LOtfK,yuSb4rQ74u,GA5h,W8Mux,3166,pFxXFAWbE7,-5285.51,2064-06-07 11:36:19,1985-02-26 23:18:43
1,z0f5tJ6QI,2047-05-10 09:23:05,7ebaJzQw,VEWV7NjATr,cfSLvX20,wHAxuX2CgZ,I6C,2950,AEDYody,-448.195,1984-11-25 02:39:48,1997-06-16 12:42:39
2,aTW8TZDIE,2062-05-07 05:28:32,VSFZA,Tt,G1MW43,yg2a,nMh,4452,c,4590.88,1973-01-25 16:10:48,1990-11-16 08:30:49
3,U,2031-12-05 00:33:05,Jd5,u,JKeOFsr,q71rqNbT5,z,-1526,96,-3734.35,1976-06-23 09:37:16,2015-05-25 06:36:23
4,x,2006-07-27 18:49:56,fduBYhly,GBD,sKt,kSjJdBU,qlV,-5734,lPAPloOV,-1072.12,2036-12-08 08:19:54,2048-10-24 11:02:47
5,tmk,2026-05-10 20:45:33,Opb8RrExxx,Ro,a,OTz,3pdsLc,-446,4AnWp,7676.34,2036-07-29 00:50:45,2010-11-04 20:02:48
6,l6VjK,1987-01-27 01:24:54,dV1fkWs4Mm,84EtiZ,BqPgKsG,AkI,e,-5790,7q,-3572.42,2063-11-13 21:05:58,2042-12-06 18:20:38
7,X,1990-07-13 17:15:05,TpF313u,Or,20,tJL3F,Q89xMuvR5,9421,GKni5gi,-2440.76,2028-11-20 23:49:42,2034-10-26 09:53:31
8,o0zaE49,2045-12-18 10:19:50,dvxi35SG,KAdhylgF,uLrP,Amhtr,uEjmQ,-3137,V,631.942,2054-05-18 15:48:17,2000-05-13 19:42:20
9,C,1976-07-25 10:21:03,0dmd,YHEib,pb,zwBc,m,-6211,Twvu6,4436.42,2061-01-26 03:03:40,2047-10-19 07:24:13
10,2jXUAn,2066-10-18 23:16:34,xonoieB,A,dg1NjX8e,Yw0riJ,jAlZ5Wf7,-5733,zwDT5,-6886.13,1992-01-17 15:28:28,2046-06-24 00:40:18
11,G7L,2051-12-19 05:40:45,PeqECs,Y7AveTD,i,jlm34A242U,mkPuIHCWVw,5850,riFeHTTz,-522.281,1975-05-18 23:28:44,1984-07-31 21:29:05
12,BNlro,2053-05-06 02:06:30,tlXixun,lkMr4Yl,nh,t4n6,J5jwCne,8065,FVk,-1756.68,1987-09-16 23:09:30,2010-11-26 10:49:26
13,xJ7,2014-05-25 22:51:39,mep3mRGk,s,hX,8ZOFd,w,3593,3S,7159.25,2008-01-19 01:28:48,2031-12-17 18:00:09
14,37M4,2064-08-01 22:23:54,lr,b9NwbXHMV,p2silK,xxtilgN7m,nC,-5473,sdX6yLf6A0,-6327.73,2033-07-12 19:08:47,2033-07-10 06:08:18
15,LwXGzdI,1973-06-04 14:46:45,xtuF9ilE,U4bEcy,vcrS,5u1JmOdNm6,wdRf,9569,CqofaXMTQt,-2810.61,1990-06-03 16:36:45,1998-07-27 23:30:21
16,Jl1hL1Kyj8,1997-04-28 10:32:29,VhRAML,H,s2eVVd9KPC,fChQ,7HkGVvR,5809,Mj65FMsc5l,-8996.72,1989-11-30 08:43:43,2042-04-29 08:12:05
17,9RdbE,2004-06-16 15:40:03,XFwTaub,5pRRh,Dv,EQbes3oSYS,3,4439,FHZni5z8,4153.01,2059-05-16 19:42:08,2018-09-17 17:33:39
18,nQLaa1oE,1997-08-22 13:07:39,fMTcw9Vr,ElnXgMdpp,GcTZx3TM,dim,NF,-8235,FSf,-1390.85,2042-11-06 22:10:22,1977-10-25 13:13:38
19,JTmIu,1982-06-12 09:44:26,dE00fhq,D6ASJK,q35l9Wjet,EXh,tmE5O1BUl,-363,mZ,767.791,1999-09-04 22:42:19,2049-07-27 20:45:38
20,sC897O,1974-05-03 05:35:30,7fMg6TT09D,EbVc,9,Dm3YQykJvP,7mHkAkZ9,9507,Y4PZIS,4485.8,2058-02-14 11:56:31,2053-03-14 11:38:26
21,yFcKMj9S,2057-09-21 00:07:49,dFYIwH,RhjjwB1VO0,hU,M3E5MgAaBk,KS,-8558,WAxSuz,-3212.79,1982-03-08 19:11:30,2010-04-24 18:05:39
22,ZvDFN0IQ,2069-02-07 12:32:05,3,CRF,L05N,n,7qe,9611,Zq80I,5886.68,2041-05-23 03:08:17,2043-12-05 23:18:02
23,NRGOY,2023-08-31 16:35:26,7KN,t,2cccwwPnr,fPd6G,Yii,7224,T7pCE,7696.09,2044-12-18 12:12:38,1993-07-17 16:00:30
24,nE,1981-01-16 03:39:49,6ByZfjgx,N,KH2HDdLmu,ypGvX4UMan,QI,7869,x,-3669.01,1983-02-15 10:16:30,1998-05-03 05:17:57
25,pV,2055-01-26 13:23:30,4hDaaqTpje,lrRpEl,byHpnf,f7MXRN9,hd7yleU,7631,zD3wwU,-1585.57,2031-10-14 20:37:12,2060-10-12 03:57:23
26,bh,1976-01-27 06:33:03,gk19g,IfBqf,cKCORZOr,vLflcO1QrI,1Zn4bWF,771,z,-9928.19,2058-08-13 06:36:56,1999-11-10 04:12:17
27,Cj1ohMD,2054-06-20 13:46:37,rHPna,SK1nYU,S4R,Fbh,aOqqfr,-7702,8H,5787.27,2037-03-14 00:38:34,2060-09-16 10:56:50
28,Ten5vrj,2066-01-26 21:29:45,zI9pqbRrhH,drX,JX,jRjpT1T1Z,g,4368,YIX,-5084.69,2037-05-19 19:07:53,2023-02-16 07:43:47
29,tLLa6CKLAG,2033-08-04 15:16:35,DkC,I9GM,Qrqd,3iUW8Iy1x,F0aS,-6006,n1cICM,8382.91,2046-08-23 02:25:18,2050-05-11 09:39:11
30,5NzcHeFK,2069-04-20 20:34:15,2xQbbbWmry,fJsA6ZRlI,6g9MHUDVXi,Co8cZeudjr,TC4xh,-1399,nYzFql8A6S,-6099.73,1977-05-08 14:02:30,2052-07-30 07:40:06
31,dl,2014-11-16 23:38:59,UrHan0O,fE6Ok89z,B,u,1Hl,4450,LBUeXnOlqS,7708.49,2065-10-01 17:49:41,1998-03-13 08:57:43
32,TCotPnt,1990-04-08 23:55:04,QJnGWy,IOSgA,k,ge9qB,7gbkf7nl,2204,8D484OSVD0,4384.48,2035-05-11 18:36:46,2042-01-28 10:26:19
33,9aK,1991-05-13 03:42:56,UNRu,SQHB4LNL7,jj88jBT,27,LUri7W,-2228,swZRfj,-9900.38,2048-04-19 16:02:06,2040-01-25 08:21:23
34,v,2019-10-09 06:12:20,cG0PJ,z,U40pzqLE,l,ojmpj,6925,UhoQePG,6731.01,2021-07-29 21:07:05,2026-08-10 18:53:50
35,y7LLM,2015-07-08 03:38:39,Rz10f,DC,SgCW,PHqHnL8,Ko,1508,AaM6u,-7539.74,2041-01-25 07:31:47,2064-11-10 17:24:38
36,m,2049-04-23 11:31:57,z,Gr8Tp7inA,ewpR6Qs6L,4akdp6c6,k4z,-2768,yCDHBc,-4592.31,2025-03-29 14:19:43,2003-03-19 12:09:13
37,h3XOn,1990-05-23 06:38:11,ZhO,g,aK,pJg0XvM,6LK3dxT,8523,pIowaWR6Zd,3979.23,1976-04-18 09:32:40,1995-05-26 17:54:02
38,2hX,2053-08-03 00:44:30,qQNG8x,Tjz,gzY,WsWE,8w1qqnhChT,3752,fZbhiJm,8498.95,1988-08-26 05:49:49,1981-08-31 19:24:09
39,Ql6X0,2055-06-17 02:20:08,hleG,4ImmlUj,sCuSG00DW,wCllw3r,rzD3,9639,nECu09r,6380.45,1989-12-14 01:23:30,1996-11-17 09:46:04
40,z6NBVby,2063-12-10 13:09:18,fD,xHbh5M,3NXmFmO22,ZiaGCSrS,5fW2O0vBW,-5590,dLiKK,-9058.07,1997-02-21 09:13:05,2025-06-10 00:34:50
41,8zkw,1982-05-05 23:50:33,oEY,M,nb8fye,o80l,EI,4302,cjmS,7157.36,2001-06-07 03:29:10,1972-06-02 02:44:59
42,EzJo26vqf0,2006-08-20 13:45:17,7MilpbGTM,o,zJpPh8O,gF,Dz,5314,oX,5779.19,2036-02-01 20:50:47,1970-12-23 05:23:51
43,asOBjzj,2031-03-31 22:21:37,XxSmKAy,JPyQ85D,V,cPlVd,KQzTivEh,9709,5zziVwv3jf,-5086.23,1970-11-06 00:58:25,2011-07-03 14:08:56
44,0,1996-04-08 00:25:36,e,esyBNC9VJ,bzhrnK,CQWIzZ,U,6252,dP,4114.15,2013-01-01 11:59:41,2037-09-26 05:02:12
45,XeqJ7MGK,1989-11-29 10:06:30,lYbJRox,9FN,2NONpkG2I,Uioe,u53kxC8sW,-9942,G2,3818.88,2038-07-01 05:19:55,2062-05-06 14:49:05
46,d3mYJ,1993-10-19 10:16:24,8BplNtGn,Slwvd3PPtM,B,PW,V,-7426,UD,9671.67,2020-11-02 17:01:08,2054-09-10 00:35:53
47,0Cz3B7fY,2005-04-30 11:51:59,lLCRpR,cMmoRbvYd,LBEGC,k40,oM2X4ebMt,9719,7g,-7380.11,2000-02-26 13:41:42,2060-03-27 16:22:59
48,Ludrf0J4u,2001-11-16 20:38:12,dJRVyzZKm,8lMhON,1zCB,0XJ7kmnVv,qMsSd,-2753,eH4DwJ,1780.95,1997-04-22 03:03:52,1977-06-19 05:52:10
49,Sw,1986-02-09 13:41:49,cIwqp,E5M1io,3Ecjv4bqd,Sqi,fqkGH,1752,wdap6DdHT,262.953,2069-10-05 22:49:05,1980-09-20 05:12:30
50,Tq4O9ry,1986-01-20 15:34:20,n,bvOYB,jnF,Z,azriGnF,6009,FlzQgex0DD,5190.45,1989-03-02 06:39:15,1978-02-21 07:17:14
51,GKlCd,2066-10-23 17:38:36,l5gbhn9Md,CRa52b,off0W,7wRnDdAtRZ,tSRWHD,-5076,0S33p,7057.21,1998-01-27 04:58:32,2030-07-13 18:17:43
52,Su3,1977-01-05 10:43:24,JH,ZaGddV0q3d,9Ftrps,lcCEiyeg,t8y2,8330,q7gBhdMj3V,-8839.67,1982-03-13 14:22:00,1977-10-30 12:23:18
53,8EmnwrR,2045-11-04 23:54:43,dX,u,CsKsZzL,YV,UHN,-204,W,-9325.24,1992-12-26 12:02:47,2002-01-17 23:55:02
54,MB8X42,2002-01-12 04:31:48,YE,2w,sd,IM,5M8pp,-9292,Xxmq0SKWJ,-8109.59,2031-05-11 11:32:03,2049-05-27 03:50:46
55,mJu,2053-07-15 19:11:12,bVKb,5,iq0l,NStLAju,Q,6130,ZU,-7289.5,2032-04-17 08:09:59,1973-04-09 10:51:05
56,v,2034-03-24 11:03:06,FAeHKK,wjxijtfq,CxKnMIay,vQjcPDO,Q7U8Ch,-965,YjjiD,-3008.98,2060-06-21 07:32:23,2039-08-21 11:51:05
57,IxmZ,1980-03-26 05:47:21,LKS9,8IFHbZCHv,aM1oy3F,n9BJ1,TY,-416,f4,-2319.62,2043-01-14 06:16:46,2039-01-22 15:59:58
58,PZBiwi45B,2024-10-12 00:28:36,wP0l49eekn,NfWXokkd19,vRU,3vkHiXp,QNmviyXue,-7258,vA4imHgF,-27.0497,2015-02-06 04:06:03,1972-03-19 13:27:36
59,3mNgE5zHI,1993-12-14 21:30:21,pjgEPVPCh,SQXN,UFfWU,EiLBRw,c,-7349,y,7454.17,2069-11-14 17:03:23,2004-04-06 18:44:33
60,L,2029-11-28 23:51:35,DxyPajnBEP,X,uxmobFsy,t,NyD00Ba,-3886,uOhyVA,-6335.29,1984-02-29 19:16:45,2019-04-30 07:27:36
61,GF1u,2033-07-06 11:47:55,5py,TbCLve8e,n,kvTlEG0Y,lsP,5232,xqJF,4138.79,2066-12-13 08:33:37,1985-04-30 09:26:43
62,l8v,2014-09-11 23:54:06,B,5AX,UC1XYbhfl,Xyox,rNZ5BPHG,1074,HNYGBhUz,-6619.27,2038-07-28 10:33:26,2014-06-25 17:31:49
63,VRRHnUdG,1990-06-18 09:01:34,Ovq4ymIRJg,Pe,x5A,3dY,xfSOEJ,2214,rSNq4iZmpN,-4517.55,2039-05-13 06:44:47,2013-06-26 14:25:40
64,VntWNzca,1981-05-03 19:33:08,4xxMPUhnr,y,GWzv7fBk,jWx,crUh9Umf,-5201,cduxgB9TJr,1054.5,2038-06-21 22:18:35,2010-10-06 20:15:39
65,V,2023-12-01 05:53:31,GRkmLFJa,CdB7l5z,Hfgezu7d4l,H8,D,-3777,9,7502.55,1991-07-09 00:41:25,2044-08-01 08:16:28
66,VVcb,2044-02-19 17:44:27,uexiOsAr,oHAO32I,ips0B2,E2J1E80,q8GV,-6619,0Zu2,342.328,2040-02-17 06:09:03,2010-04-28 04:12:45
67,FLNQRaPmb,2064-06-15 12:10:31,DbU1Yh,v2x,qYf5oY1k,ga1YPK,I,152,K,7507.45,1974-02-16 00:19:14,2005-03-20 01:46:04
68,w46NfBo,2060-12-28 06:59:13,1btW6vSqJU,tJhRxmnK,e6Sj7,ivmJ,Tszwu2,-4588,Xc3,-4268.15,2046-09-06 03:50:54,2024-12-22 01:54:19
69,L2L4BFcHH3,2033-01-22 04:29:33,gF1,EOf4wX,ieozQbSt6s,Wq,VTKRB,2794,ad8F3h,5117.14,2005-10-02 09:16:46,1997-10-03 20:33:14
70,kGO75pJQ,2037-09-30 18:15:15,Ai,2v727X,pL6FuA8b,W6J7gBce,YCJh,-1080,0NzjS,-5951.84,1977-04-02 13:31:14,2045-04-22 11:15:25
71,L,2049-06-21 19:02:15,aLlnvtpTA,PoRspNHF,BCHbXH,YPDvws7,uU,6117,nO87o,9161.96,1990-06-25 18:16:47,1982-06-12 09:01:53
72,of5k,2067-12-08 05:18:41,I7CYTVTQlQ,4uoo,gROtKYAWgn,nqQLG,H,-9486,BWGcJsw,3133.9,2001-12-01 11:21:52,2016-12-11 19:50:51
73,Gw9,2015-04-11 23:48:22,qo6KQVR3M,rJZ1,UOF,HSa2nk,V,3842,jdR,-6220.1,2058-06-30 12:36:43,1973-02-03 22:46:18
74,t,2019-08-20 05:34:14,bP7q,UTgBgNB52f,bBHh,WCjoZ,Y,-6692,rD,4603.51,2040-01-19 22:20:05,1970-06-05 00:40:21
75,lSgm0ttMYd,2020-04-25 00:05:07,08XJabCx3,RaBlAKkGVk,5D6,l03HH,FxH,2676,FaI7by48u,-1168.31,2002-05-24 08:17:53,2023-02-25 04:54:40
76,GLgr,1999-08-27 06:12:53,3CZ0wM,Vjn,euNwfOuDu,creMU,28Vcw5wO,-5755,Des,-1885.11,2017-12-01 04:20:55,2044-12-31 23:55:29
77,tR,2054-03-23 15:49:16,oeBJu9K9Nn,7j4uFIp,jzgn7Z6,mTD3xMd,fNnwJnwxK,-5115,US,-6683.1,2050-02-28 19:02:57,1993-02-03 16:57:31
78,RNub2,2012-05-11 08:36:06,Xyrs1ghYCO,b2ioyv8NI,kEhvc45t,2j8sD14,d4K4R,-4004,1vzCtrnJt,-1582.54,2064-10-06 04:26:41,1994-12-17 19:10:29
79,UXSRah,2065-01-17 06:13:35,A,sXC5SB,kMo,NJAmdTZNw,vgk9xlzzPG,-3326,q7X,2197.49,2033-09-27 00:51:45,1980-01-28 12:35:25
80,s6cDicB,2050-11-20 22:01:32,GGRgxfUffP,QgNs7gkpo,cje,iy1,jYd,4510,Etd1IPKGO,9231.86,2039-11-10 01:44:46,1979-02-14 18:23:48
81,1VsXnihcv,2069-11-02 04:36:26,P,U5cGjg,Vb,TUjmP,A8Vxlz39,-6502,SxZ5nUV,9425.21,2013-02-21 08:42:01,2007-03-23 23:47:10
82,mprbT1F,2037-11-04 13:12:06,9QbYw,87tAhk,RyhiaIrG,TmIDO6D,0bT63qOM,-3350,mV,1567.87,2010-11-19 09:10:39,1975-07-30 14:50:59
83,abK,1987-09-18 16:10:14,zu9iQ,Zhh5Udftfh,KebpCRc851,OhExc,8Cw1,-7456,14,300.416,2056-05-18 23:09:37,2019-09-08 18:13:06
84,hm7h0M,2013-12-28 04:20:52,g96F,w51,vcVkrRIV2,EP,fFsP,5015,KkDC,1786.82,2068-04-02 22:06:15,2029-04-07 02:50:58
85,Q8pkU3cd2P,2021-09-05 05:23:05,Qlkh,KaXnhk6,OxKJf,emJN,f56ApS,6758,zo3l,-6404.95,1973-01-13 15:13:07,1998-03-24 18:08:24
86,33dDkweUS4,2010-12-11 21:52:13,Fpb8F4,O,Cdi8,aYnlgpjEnE,z9pqAQpZF,6815,h,1482.23,2036-09-06 13:41:59,2048-12-12 16:24:50
87,0VT,1999-02-01 04:28:20,o9QB,6,f9GM,B8ltV4735,YfOQTJVkI,9914,sj2x5p,1503.5,1979-01-07 02:55:42,2003-04-01 15:03:08
88,SRWNe7kV,1970-12-22 21:38:26,aDb3eQAb,bxjG,GQe,MtBj9004,F3mrg,7943,EWuz,-5948.84,2051-12-28 01:40:02,2032-02-14 18:06:45
89,7Q8,1991-02-02 03:08:21,yf,fvxk2uQ,z,Uf5hHo3,WhR67J72NV,-5964,a7I0QUdD,1346.04,1971-07-31 18:17:14,2040-08-05 21:49:07
90,Y6Sxr,2025-12-07 07:08:48,xSOdgFA,jjq,gy6Sdv6,RfOpU,i7GAOrr,-2347,wM8o,-229.353,2057-10-16 08:51:15,1976-07-08 11:46:04
91,Tr,1975-06-15 09:57:21,HzHXoHw,saEIlv5SFN,mDbSqWQz,GEX,OgU,1131,hsS0KJ,1802.29,2022-07-17 20:57:16,2005-03-27 12:40:20
92,Vw4,1997-02-23 19:02:32,0qICkOca,RsphJ,pP,83UQGnM,C,1738,E9VPr50,1590.41,2010-07-23 16:34:30,2065-12-17 22:18:21
93,4ELurV6EP,2014-10-19 09:34:40,jN57CI,jRUg,7RL8Aj,yAd85FAF,4ua,-4461,0g3xVOr,-6785.32,2056-12-30 23:49:58,2040-01-11 19:45:52
94,L,2022-12-19 13:20:57,iD5DwMh,M2f6xs,CAWO,TJvaWO,i,-8478,VzMRTG,-7199.37,2016-11-09 05:22:12,1986-07-06 11:32:23
95,XwyOWoKV,2014-11-28 02:14:27,3o,8etzg,XdMOJC1E,glwMqFYvh,Oa,-6259,yOIH,-2758.92,2042-01-12 13:03:48,1999-02-15 22:51:54
96,Itlqe,2017-02-10 00:42:01,noPfNQm,FpDltJuY9P,fMmoSCyUNa,3N,aW1utHR,5788,nB,200.4,2015-06-06 02:49:55,1994-12-13 13:15:14
97,6mv12AZyU,2001-05-26 12:58:19,KRj7,kRc1LBPb,pMw9,s5Kvakk,wo3g5,1463,DJJAbhmf5l,3043.95,2002-09-12 20:00:06,2000-03-24 15:28:28
98,XR,2046-04-12 18:29:13,h9xFZfHO,k69sJAE,ra6nLBLixB,GktZCP49,uvm,1112,giNvIRBqTN,2159.47,1988-05-30 21:22:43,2017-05-07 20:06:02
99,G4QLZtDfG,2067-11-01 13:53:59,7iK,oZWO9M,V3dh47Yu,rNo,vWH8g,7064,r,9552.21,1985-03-02 06:28:22,1994-12-07 00:49:21
100,SXo2xwStcj,2006-08-25 23:00:13,ssviN97J,r,BBr2ua3lJc,5zJO,tkO,-7522,4Yh,4931.99,2049-07-28 13:38:27,2023-03-22 02:33:11
101,fCv,2007-06-12 12:48:11,NHp7,tAc9B,qadc,6cs3GMM,tUWbA6,6657,6g4rxUorH6,-6195.11,2040-04-01 00:00:40,1995-10-20 17:07:21
102,zR,2016-10-15 08:04:42,aHF,sJ77F,j9a90wT,WDboH,3,1757,sIodhu,-6691.91,1982-11-20 13:46:17,2045-06-15 19:25:47
103,ytOGuPB,1993-02-08 18:43:20,D,wVpKAJUZid,5JX,IirsS7QN,L7aJqpioA,2768,Lb0FaZjX,-900.385,2060-10-27 09:53:58,1986-04-20 01:43:01
104,70,2007-01-07 20:20:37,Ty,nR9,dZRcN,Nkk,4oHOJWFhy3,-1802,MQs9Ok,-5813.8,1979-10-23 21:31:42,2012-07-22 11:53:43
105,zkEFKs4,2063-09-13 22:38:19,0,CoGHc,baZ7ezz,vra,xGtdwgtpe,7907,kHxlT5ex,7990.85,2060-07-18 22:46:24,1972-02-19 20:19:04
106,ysYxc,2005-12-13 21:02:37,BTnPSHPyeV,D1gqLtXSJ,7L1rVt,fW,PuK2UO,-8274,27wuy,-9913.65,2012-11-15 16:43:17,2043-08-29 05:03:09
107,h3YMJKC93,1997-03-09 07:53:09,A11VDT,RLZgLCL,p4IeI,ujB,d9dOP,-3408,N,7809.44,2058-03-08 11:00:51,2046-11-08 12:19:34
108,tlwMuTCz3e,1979-09-04 20:11:05,wBXX,Ubx3dWJ,9Hj7WHgX,E64d7jm,TO3jfBFy,7994,p3GsEf1eYu,-6341.07,2069-07-27 06:38:26,2047-02-02 11:57:00
109,L1JFF0BX,2001-09-23 10:20:23,RVLni,AFaDVz9,w,xOzh,t,-6649,WVAbtQC4U,-6736.09,2007-03-12 07:25:16,2010-01-24 10:53:26
110,fa2xrs,2020-05-16 10:44:40,Wi,G,LlU0PW,yiH4,Iz,-744,B0IolN2,3729.13,1991-04-07 13:05:50,2036-05-15 00:35:02
111,jO2F2rc,2030-11-05 05:40:45,RAj,3f1rY,JDRs7v4jjx,eZKZm7Rw,sqgzQW,1092,dy0,-7335.14,2023-08-16 10:19:30,1993-05-21 03:25:05
112,Kbe,2017-01-02 05:21:11,7,u4I16d,a,a,ENe5z2CGp5,-6218,UsO4dLPy,9767.94,1972-02-09 05:35:56,2039-05-16 03:28:22
113,0,2022-02-03 23:04:22,WvE6fzch,5BBkVv,Q1,l,pl01aF,6445,j0,3335.5,2002-01-07 02:08:09,1977-01-28 10:54:10
114,yp,2051-10-06 22:32:58,d,08blnzR,Ol,5zuW,xJZCVoG,-9519,lNJ8Cwu2,-944.26,2034-06-07 00:19:48,2011-01-13 05:39:23
115,CAta,2026-06-02 06:13:15,I0Z3mO,L,Us0os,4t,Y82Zx,-5578,0,2888.63,2053-08-08 21:50:17,2042-10-01 18:33:27
116,V2WbHN34Rl,2031-12-23 14:40:45,9txloYqpPi,dZR,MWx,WMg,sef03,-8883,5Ea,-5212.91,2005-09-30 18:15:25,2031-12-31 22:00:13
117,ySUeY8u,2038-09-19 01:02:04,RpUcu,bndO,MdIf,Xm873Aau,pK,-5869,fxBkTmq7lF,6230.94,1991-08-13 19:58:47,2006-11-10 06:26:08
118,krL52h,2043-08-27 01:50:18,7,V47aw5u,JsSk6UAv4,vArCY2T,fMbq89JV3,896,ulwoapDeW,652.415,2000-02-17 08:44:44,1976-10-17 00:35:11
119,Q9R6gIm9m,2013-08-13 15:14:50,Qlh9t,Ay6p,seNbx,gYD0,MPkKzgG,-3050,9M,-3683,2006-04-06 04:24:14,2032-12-07 10:55:34
120,HJ,2039-05-18 18:46:37,zJBOO7Xc,PNMNMIM,JlgRi4E2,C,DCVX,-9674,HKqjKJQzl,6084.88,2053-03-28 10:22:31,2002-05-02 22:15:30
121,qGtOrocGJX,2060-06-09 01:09:46,j9q,tswI6X,0,Pi,jUtma3N3,2048,8aXlXkA0,-6241.86,2003-05-20 16:43:19,1973-06-28 11:15:21
122,2OA,1999-03-06 07:31:30,BCrdROB,bOEa6,lD9a616S,yD1lFI,GptR4,6987,TugulpCps,2005.25,2003-08-18 09:49:13,2006-08-17 20:57:49
123,kHt,2011-04-11 08:54:45,wgT1XyG0,sRXB,IuYmR53,1d,C96UTQn,-7735,1o,8550.6,2040-08-25 01:08:22,2048-11-03 18:10:19
124,YDSl,2046-06-13 05:03:16,gsq4BzMTK,N,l,0G,Mk,-8652,C,-5151.72,2007-04-04 15:13:17,2064-06-21 08:49:48
125,en0XLDwSH,2014-02-16 14:35:44,N,FRwPuVbFg,czA4Cc9c,KX3f21Y,O7IgjSJkxf,-8969,ie0,-4726.33,2033-03-06 11:21:06,2004-04-13 15:17:41
126,CQ,2051-07-04 21:29:16,c,rKC,2ynqEqW,L0ERTxxlOx,WuWJ,-439,LVivxeyjeO,1747.06,1997-08-29 21:27:09,2030-08-01 01:43:36
127,v2FbdFyGS,2011-07-03 15:36:18,kekPPCU,eK4DfP,pJqq70,JbT,TCs,-8921,Oo1C,-9884.71,1995-06-21 10:28:51,2033-12-12 22:16:15
128,dbdOOvd,2003-08-18 15:42:03,MT,cFk,5,iRDn,xR9w8,3321,LbORCCAb,467.366,1970-01-16 02:22:35,2012-01-23 23:26:54
129,PljYr7,1972-02-13 17:00:55,n,03TgYiJDEo,QV01,iczy,TPWejJHg,-7651,r8wd4pf,-2683.57,1985-01-27 05:12:10,2004-07-17 16:21:59
130,U0aaa,1996-02-10 04:26:15,VB,tH0laPDf5,dDEasB,K9kzqUs,2,3118,07mw6k9EVb,4687.12,1971-02-13 09:13:21,2001-12-09 07:27:18
131,ICff,2018-01-02 12:31:17,wgs,j02,0Pg6UsQon,NBVRz,H,1470,9gJDy,-6170.21,1978-12-16 17:24:01,2029-03-14 11:42:13
132,e1P2,2041-10-11 05:47:46,iZ,U,L9LTEj2H,mWV3Vsmf,dZdZS8nJc,-4541,9ZhIUx0vSm,8671.2,2067-07-20 18:15:09,2064-09-13 11:09:28
133,SE4zbqBBu,1996-10-03 04:39:09,Ok2s,ZhnPZDIhYh,MaOKx6p,rAiBXZcBpA,xT9FXv,-4327,piT6z,-4349.93,2021-03-28 06:37:23,1998-10-24 00:43:10
134,FKAwA,2019-05-21 16:22:50,mGannaG,I,w19,BXqAb,8M,9245,Mv2,7556.25,2017-10-15 01:58:26,1996-04-13 14:07:02
135,U410zK,2026-09-25 08:32:30,nVq4E4z,CdWCHZQD,sh3Ukd9V,MK,VIjSz8,-3657,c3,-2534.32,2026-05-02 09:14:09,1975-08-22 22:09:13
136,wj0KjYhLf9,2016-11-19 22:37:23,pnz,GCZYLWO,C5y2s,Iym,1SVL71XFR,-1705,qMg2e8,-1643.14,2010-03-19 20:03:13,2068-07-19 18:25:17
137,FBpWxwMxl3,1990-06-16 08:00:42,BAkB1mlUsV,4vLhKtDe,mNfz3rib,uYDvA7DRV,CtOIciAR,-5518,oZ,-6197.77,2028-09-17 20:53:52,1972-09-27 18:44:58
138,qEK1gDYt,2025-06-08 12:39:17,EpM,0Mo,0,MUEL0Ysn,kVcUYDzS,2359,tlkqqvg,1909.05,2053-11-09 23:12:57,1977-06-27 17:24:05
139,p2nPGLMecD,2059-06-18 14:35:39,RpmVBaTB0,GVad8,1FoM,G87ZYgaQe,UOo,-5180,PgaKkVEZgU,-6934.51,2007-03-12 06:03:41,1989-05-15 15:36:51
140,A85zZ4Lots,2025-06-08 12:53:05,nSaqH,I98D5,4,8QQ,VRef8hAV,-8368,tQJji,7168.33,1986-05-22 20:19:16,2062-04-25 03:14:45
141,8Di,2023-09-18 06:27:05,H,Nm9c,rqF,cJlOn9dU,YQlnsuzhkQ,8007,0GX8IkXf8L,7837.13,2033-01-12 08:21:32,2039-09-03 04:29:33
142,A,2047-04-18 01:05:08,tcm,NZuEeQUfq,EvTrq,7Z,lZm0UXc,-898,2Dhne,8550.56,1992-02-19 10:07:39,2028-08-29 01:22:39
143,apGgneM8,1993-12-13 19:22:20,OY,eis45xaiR,5FIT,Ac,x,8407,FTadPx,-1882.91,2028-02-04 01:44:10,1977-02-18 16:51:01
144,aJqiYKKH,1989-05-29 00:24:56,ZgN1oO,E4,yg,Z1,kX6MjFb4I,-4093,Xg3,732.827,2058-12-31 02:05:27,2047-04-30 23:06:56
145,tLrBd,1991-10-01 06:57:50,oRl,RYwDqEOH,DyvHU2Hg,8,S,-865,1Q,-4371.52,1989-04-28 22:10:22,1971-02-15 09:18:20
146,tCpjljYF,2019-01-05 09:32:20,Wc46Xr,nD,kQQiGsqTl,bv3E4dg,1RBKo,3317,zJ31mGeQ,3278.44,2058-07-06 11:00:22,2007-07-04 09:03:01
147,FcML,2041-09-30 04:55:39,CaQot,rU,6vuCW,Ow1pr,QHFM,-8967,94CA4U4Q,-4378.57,1995-01-06 15:38:01,2013-06-22 14:33:58
148,be,2001-04-29 08:18:08,fYrNpqaaU,4,zO,LhBcTQ3z,rm,-568,8Pn74,8224.81,1985-03-31 09:34:19,1999-01-30 00:27:27
149,KX3iDkV,1974-10-09 09:30:25,iyT,BB6XMKm1Af,vTKX,wQ,ni,3548,Lt,211.627,2063-06-02 19:46:07,1982-07-25 00:50:59
150,4e3nNAZI0p,2059-11-28 03:42:45,eHsX5QIg,gTXf9,rQNvpe,1vkH,Mabqmoh,5927,DTY2m,-8691.28,2058-09-06 13:54:19,1980-03-10 00:54:20
151,nJIn,1998-12-14 22:53:10,SCrArTR,OQju9XIoUU,r5GDOC,z,g8,-4946,alqc,9049.99,2037-02-16 17:34:20,2004-01-14 20:28:25
152,BG,2030-03-19 21:29:31,RRj1,nUYbGeSdf8,G,T621gu,Oz8tbR,4315,DIN1lT,366.134,2063-05-22 01:41:46,2004-05-10 01:53:38
153,QTYnf8fB,2009-11-09 23:07:37,WZss3M7N,24D2,e4AVX,6NN,drSRbnWv,8317,aa,-7978.53,2045-12-13 05:39:57,2027-07-25 13:59:21
154,knRs29s,2021-01-24 09:38:32,eWwdRfU,ukE2E5Xl,BWzsdqCzt,2z,D1nfxCK,-8391,9FOuN5JXZ,-4097.55,2008-06-24 23:52:02,2021-09-03 20:03:04
155,la7jMfOdab,2060-10-31 22:34:21,Yh,RZes,Ym970uP,eWp,IeSHc7x,2994,fYPxc85,-705.245,2025-12-12 17:57:18,2042-03-01 00:41:54
156,3ZDB3x,1978-05-17 08:17:11,ip,8,gf,Fb1,uT5aEoAMg,-4448,rFvUAGsyl,4930.92,1987-05-06 12:47:08,2028-11-29 22:10:53
157,1anFb1,2030-07-28 11:02:29,9rDwqD4R,Y,yU1dMoy,Uf6ebk0,RZDz0Yla,-598,11R,-6702.93,1997-09-23 03:48:37,1998-01-18 15:04:09
158,Ih0MbTnlW,2069-02-05 14:10:08,D,JuP,Xt8TO,vEGsgFJ,rerCXxQF,5847,wS,-9241.3,1980-11-24 23:09:15,2002-10-01 15:53:17
159,C,2046-04-17 14:35:33,YdRQ8G,3FtVUe1aw,6opqlOuFag,6OEs,B1LUvl,-4437,5BhAMhRjxI,-4063.19,2027-01-30 15:10:56,1970-08-08 16:48:47
160,ul1YV,2046-04-06 22:04:07,vLZ8pb,imp2vnR1,bmrb,oZRazKKq,RVgQ7P6Jn,-210,BFomyqmmyU,6481.92,1978-09-15 12:17:06,2050-05-26 14:24:17
161,ztFFgu,1997-09-05 23:53:55,WZ,nMSS5,Ws9XLPqP3,3JQhx05Ogt,zyU5AKelr,2211,uZHOg,-1991.64,2046-09-22 19:58:32,2029-05-01 22:03:44
162,yDJY9q,2020-09-21 11:44:31,GoGVD3pI,0jA,9nmOKJnmG,z1p3,SQE4tZjV25,1733,lPtSCvxPB,4658.58,2058-07-03 18:46:55,2049-05-23 12:47:20
163,9WirJzqUIu,2004-07-24 10:04:29,4wd6SQY,hGs53KTNX,E,lPRiZSL,QQk50,-5260,Ifc,8592.5,1974-04-28 22:41:26,2045-05-15 16:17:31
164,Sa2,2047-11-23 09:10:00,9Rl8u,DdF,yR,tvxtFi,yajWcBxsh,-2252,DwO,6321.3,2033-05-25 03:15:27,2002-08-22 20:10:45
165,hcqNbPz,2026-04-09 08:27:07,V4yKtz,79,3n,ed1,wYJ0fFF80,-3434,braMCjNZV,6682.98,2038-07-10 02:23:47,2011-05-15 08:20:11
166,0ZGAApLn,1986-12-05 06:42:41,QnLC,ih2BSytG,Lcwl,A27INPPRad,EwadeCBex,-4541,Sv,-3356.51,2061-03-27 11:15:37,1973-03-01 16:03:57
167,YXSw9D,1976-09-16 01:10:06,2dzf,Ho,p,yO2x7,vEokqYI6t7,-1607,9ptAuyzr,-7358.68,1993-06-02 20:01:22,2019-11-08 09:36:44
168,SI14Lfsg,2052-09-04 13:35:50,R0YC,cOl68,QUI0w,809kYI,Dg,-3441,Pz2nf48pHx,-7246.9,2056-11-26 00:44:55,2025-06-25 23:27:35
169,n2QkXg,1980-04-13 20:54:46,v1r,KaJM2,1dtC44C,L8rl,7u1v9lYt,6099,11Jutai,-2249.49,2051-04-30 07:28:56,2055-01-04 19:22:41
170,y8z3t,1972-05-27 15:04:11,3uZ6cV3i,K1Y2X,io4,FhDUge,m0,3755,NPrkiiJi,-2230.46,2015-04-16 05:06:49,2036-03-24 06:33:03
171,6Ip,2020-03-21 06:02:40,sKa,hyr,XCN9NQ1arb,0mx9u0a8jV,n0gp,-4393,EQD0sKbu3W,2179.77,2018-10-25 08:52:44,2058-11-08 19:23:40
172,eUQUF,2018-08-24 20:34:08,4,fhJstUYAMX,MfWNG3XkV,Tzro,UcW2JF,4455,3,-1595.31,2063-05-06 06:51:51,2069-09-07 23:04:37
173,6c,2012-06-04 20:43:22,CMN,NG,2E9G8xK4Pf,pvDx6wqis,RKvrrl,-6489,bc9,49.6576,2038-05-03 09:23:18,2031-05-16 19:43:46
174,JWO9UV,1996-03-23 13:53:25,rzq8,O4P,9Mn,XW,2Obxqb,3156,m,732.724,2044-11-24 12:14:03,1998-07-06 15:11:21
175,SPoNJU,1989-04-22 05:03:40,pDLG,E,lXtJ1,8jTq2zS,3vRSH1Qu8,9186,nsM,6022.43,2020-06-25 17:33:26,2033-06-06 01:00:00
176,NxaKeleix,2035-03-02 03:50:29,kox2,6Gr9,KEMs6,Ye02,Q4,-7374,WsSRW0Yg9N,-810.013,2008-11-02 13:09:33,1971-08-19 19:11:26
177,FUsEo6z6i,2007-01-10 16:55:11,SJfNk8,l,cCY6,0Uqz4FP,2bU,1742,Q,-4147.44,1977-05-26 11:41:07,2065-09-26 13:09:54
178,goWx,2008-12-16 05:42:35,uWGL5Ad,SK,U,UviMX,JrHezDq,-5557,5m9w0J,-5401.97,1994-07-18 18:02:17,2067-03-19 18:43:39
179,N3dCl,2059-09-26 11:48:44,VWhrhmmG,1fScWm6ptc,JRNNsJpMdf,7hh03C,QY23,-3447,9GFcY9H,4663.38,2066-11-09 18:26:42,2040-07-21 13:53:57
180,qOWJ1Azq,2043-06-28 15:52:49,8SDcporNx,wmHP,p4,mfCcy,z3hQk,-6119,VpY3,-9830.06,2008-05-17 08:19:03,1999-03-10 21:32:36
181,DwAk,1999-05-05 08:53:45,7U,pMRYZS59,fUfjUV8,Y,cnmco,-5880,KaMe3PIeR4,-8387.33,2042-05-07 20:18:14,1998-03-24 19:38:55
182,KwuoOAAx,2065-05-14 03:39:13,KSrG8,z1o72S7,0reUMs0S1,p961,npL9RZMb,8062,7QMh2bpwW,8868.93,2021-01-06 09:21:03,2038-01-29 00:12:25
183,FaOUC,2027-05-03 11:48:39,6b28ffL9G,UghXv,Ardg6L1TjO,38RbYbiLo,Hk5G,6138,e8WpXk4,4874.12,2036-01-26 01:47:32,1972-10-01 04:23:11
184,6UcdVjBPC,2068-05-25 22:58:07,MWM2wI,kQ,r6MMx,Ax6l,nKlUEnT0e,-7216,KKA4,-2830.02,2033-08-05 16:05:21,2035-03-04 20:55:03
185,OXiZr01iY,2059-07-27 17:23:44,ig,xqrI,c5wzmmMjOc,miywsA,Z,2388,xjwW5k,-5403.52,1982-04-27 11:47:01,1990-03-07 03:38:30
186,CktA4,2030-03-18 16:52:57,benx4NwX7N,T4m3xAPrl,axCAJUXy5,Rjb5u,JQBUMo,4303,so8R,-6908.96,1997-05-05 12:35:44,2015-10-25 11:50:46
187,QnVYOX98,2004-02-10 07:18:35,LfHVcLc0h,0q0k,saFrW8Ujsx,PAtrf,4FXCUk5,-2539,XnOLc,3234.27,2007-06-27 10:05:18,2058-09-30 19:08:22
188,MZcf275j,1991-04-18 08:09:22,kPC,7BGixVY,w1Qau23,W1UG29RoCq,x,8492,3ThB8,8340.01,2041-09-03 11:15:47,1991-05-18 06:58:32
189,7R,2060-08-14 08:15:05,zYZE,e,7OUfbk0,X9NVEhJsTk,C23yE7uVb,-7162,2Atx,-2557.08,2052-03-22 13:22:18,2049-11-02 12:57:00
190,mb,1988-02-19 04:11:56,V1CSMG,H8vz,q8y,KV,RZAbaZqXB,-7785,RsJP,-1648.92,2000-07-12 00:58:50,1973-02-23 11:19:53
191,eYh,1990-11-04 16:05:13,ExMM3qF,pOW,YrCt,RG7FvH,Pf6w6wj9,-4096,x9I7EG2N,-3295.59,2028-08-09 10:37:02,2054-01-27 18:52:01
192,8fvI,2042-12-15 04:47:57,MlRPdrmn,spvIVwl6Rr,18xma,Y,FKT,-4902,xGwssbL,-2717.41,2051-06-18 05:12:10,2007-12-20 14:17:25
193,9KhI2nltaO,2021-07-15 05:36:43,ODlsm,ulZ,Ee,aMJQ,fLnWPR,-9891,wVyssuzWga,961.942,2014-12-18 19:17:07,2042-10-06 15:42:53
194,Hr6,1975-03-12 00:29:17,3OlEYoM,2WA11cONT,Po,h,L18ik,-1373,J3HaJs,6584.26,1976-09-23 16:04:45,2023-07-05 13:46:57
195,D4mypQf,2054-02-08 15:59:42,0AD8,rsSB,GS0vTSjGN,VRY,JQ,-9177,Cae8W,6709.38,2057-08-14 00:35:16,2023-11-20 08:06:32
196,mKTU2Ucs,2063-11-01 22:13:33,3hyl,UZAVe9Aju,9Qm,EKkfytR,avu,-6142,uDeugUx4,-4462.74,1991-06-08 21:48:22,2043-01-21 23:06:59
197,QxrFV,2016-06-14 12:54:16,RAU1h,2T7lpu,hAt,E5XAz,IjSnvidFcp,5840,ZxesxYugJp,9254.8,2044-11-08 21:03:30,1970-09-19 00:57:29
198,vn,1992-12-30 04:44:47,BoOfmg,nH8GpuK,xOP1o4Yeb,iVLYfQi,FteG7E9PeZ,5431,25Swa,6501.68,2067-08-28 07:05:56,2059-03-21 21:04:05
199,IBo,2009-06-28 01:07:35,y6eN,lyOX,wrjk4Q,vP7yj8JYG9,015,-3659,muzXQ,1194.66,1984-02-22 18:59:16,2017-08-12 00:14:27
200,mQ,2058-08-25 23:33:16,GNlZ2rkbQu,8PR4tpQ,ZmwddzDcW,GfDILTxW,gj,7529,zBeJJz,9487.24,2048-08-13 20:08:08,2016-10-03 11:24:21
201,xp8FQ17oE,1970-11-10 10:36:09,8zSE,Tm,d,9t,bx,-522,xm9FzeMJw,7713.12,2040-03-24 11:44:02,2068-02-15 21:45:13
202,JP1Bw3Wpp,2012-01-12 22:22:54,RQxd57,9OL,GkGDPm1OAx,Xs,skZE3,-7124,vVtQ8Dp,-9627.24,2007-05-08 09:30:57,1986-07-10 16:39:42
203,CuIQ5,2005-05-20 22:05:15,v,m,zPcy4M,KJ,dRKSK3IdU7,6366,8YStWvd,-3474.77,1982-08-24 03:17:54,2024-05-18 01:08:38
204,Vu22apR,2013-09-15 09:27:51,R0,Bmc11,g32PPMgrqj,3Bbr,xLniUUS0,7094,zXMRWea,9824.72,2008-01-02 13:41:02,1998-03-31 00:56:32
205,ZIuoLf9rI,1980-06-11 17:22:55,f4bjY,MDs,jnIfpOBEM,7Z4PNaiPO,P3GFTqMA4,-554,KqYij,2733.83,2030-01-05 13:56:04,1985-01-17 03:36:26
206,pMyj2ff6i,2035-08-26 14:40:17,XJH,3,vGudXzALc8,3,isj,-7137,wI,3195,2040-07-01 23:23:24,2039-05-26 23:08:52
207,4,2026-11-08 14:33:00,8sN,Qe0TuZz,ebHTLQPb5,UfCH,upohnGco,3973,NklxGn5n,9616.56,2012-12-01 21:25:16,1974-03-11 07:32:07
208,rugoD3HT10,1977-04-28 04:54:23,7v,s1PZa,EyMrs,ca,uNX,-8627,vz,9032.25,2020-07-20 09:37:53,2026-09-05 20:42:49
209,yrl,2044-06-12 15:37:07,PnMQHkUs4,oNw3aW,1UFl,bfv97La,z,2998,hhpW,9404.03,2069-11-12 23:53:35,1975-03-08 09:02:36
210,EAHafuF,2053-01-21 01:28:48,Pb2C,Gh1WLaR4Jq,TcTIgvo,iQelPN7,UFmEG0Dzug,-7482,i1,7482.43,2065-05-14 04:58:14,2040-02-23 02:26:44
211,sHh,1974-03-28 08:54:53,JFodQAglF,SGu,9Yjj8,GdbNw,e3bpQIp5,-3328,x91Fa,3201.58,2049-07-09 17:23:15,2050-10-28 05:39:07
212,JOQPy,2045-02-27 06:09:07,r2TNFh6,7C0jCdfb4E,9Qv,bFMkP0znCl,dtQFATGEp,-830,e,-8663.29,2043-11-27 07:47:23,2000-11-09 11:21:02
213,Plh4Vv,2017-12-27 16:51:20,N,hHg05lGq,ICWhn8dh,d,inBr,1391,Rnay,-5523.5,1976-04-19 22:17:42,2064-08-04 13:19:11
214,m19uOAQHt,1976-09-13 17:13:59,E,grL,NDnFDCkhQ,m,rEW8oa5Glb,939,9BX,-3724.07,1988-08-22 00:51:02,2024-03-26 05:57:24
215,Xs,2007-01-01 19:56:15,o2,Gm,Vc0x8IqId,j2IwJAdzRX,5OCt,-1236,haS,5239.65,2051-09-10 11:40:51,2060-09-27 05:43:33
216,G6ZiJd,1973-02-01 09:03:51,QVlwfgdi,kDmRBjX,JQtrffZzqo,1GC2tML,03,-3787,0e2puyUEn,5566.29,1985-06-09 17:09:30,2063-08-05 12:54:58
217,XrvBK73,2067-04-15 20:53:50,7XME8H,HH,D2moFZ,CPH,j,4586,YCgv9Fnl6M,5789.28,2015-02-02 07:49:29,2052-08-04 15:48:10
218,m4i,2024-03-03 12:29:27,VGt,xeP0SrvN,76LUVzx,5aWqTet,Ua9OBi,1947,qN,-5877.51,2033-03-09 10:49:53,2015-12-19 00:05:11
219,we,1986-01-11 18:45:52,GOIcCB,l,iYQAQfijLY,f2VeGJB,zIc6qfCJ,2558,TUU15m,3773.53,2068-07-18 07:52:42,2063-01-22 05:01:06
220,Bu,2031-05-03 12:20:01,kfiB,0R730z,Wb,Aed,VSWQ8h,-8885,wSwMio3JEn,4538.43,2006-10-13 08:23:16,2059-02-05 15:29:41
221,TOvGYrp8U,2005-04-03 06:26:25,QZ8PMyqlhE,jA1,2m38T8,F,fZpEWz,9822,INU,6535.96,1980-12-12 18:15:18,2015-02-20 22:30:03
222,YIIpdUIAcG,2046-03-01 15:40:53,5,y7KD36,qIBaYj,nuv,HEpuS,-1916,kQyieu,-106.243,2048-07-29 02:04:04,2052-11-08 01:16:36
223,eFUeq2,2003-06-02 16:53:26,Oz,QcK,EIyzr,R,aX6EoG397r,6678,tbvPb,9005.32,1994-11-17 00:39:02,2025-02-14 01:09:34
224,ly,2004-09-24 03:37:37,vBd,Ez,5l4FJ8JR,RaOGC,7,-8227,I,-449.907,1991-11-02 07:59:18,2005-12-28 16:20:24
225,JsEXw0j,1995-04-30 05:01:10,FG,h7z,Pi6,u4n,eBO,-1800,nQH7,4960.95,2064-01-11 13:24:42,2040-01-10 17:52:40
226,e7GA,2008-11-09 04:19:25,tUcRHsXq,K2qXPlf08,f,CPR,k4px,-57,jWv,7917.19,1991-07-23 16:33:47,2008-01-12 10:56:19
227,B,2011-12-26 08:03:31,YLYCDn8jH,QvJq9cK,Rtj2Dhd,ZsEPHE0,GXbbnDobPg,-4814,iG6opEgNp6,-5105.23,1999-11-08 14:59:44,2009-08-27 07:14:41
228,6xW,2020-03-25 02:59:24,HO00iH37Ni,LJwSP3,yb,gZbHSn,PsGFY,-7401,u,-1294.18,1999-12-15 21:14:51,2041-05-29 17:21:28
229,RM,2061-12-10 00:13:52,nuuyp,qHkwBVx4zN,fPOhqk3rt,ZDx2mjj,4uFCEwOaLD,-5423,vy,-3850.37,2000-07-28 17:24:31,1984-01-02 10:57:41
230,9t,1973-06-03 12:34:18,oj,gl,V3,YYq,UTZYxOfC,3560,7HpMLa1j,1882.71,1981-03-25 07:46:06,2024-12-06 17:12:06
231,D6K,2017-01-04 16:28:11,flLwEo,A,7idD,8ecZGFo,2fZr9KyA,-8915,XyZHgOF,5411.72,2018-06-19 14:58:59,2045-10-06 20:07:24
232,1FdgkF2HL0,2010-04-29 04:18:58,qWCL,BMXxMi,w5z,cuo,yMndtxyg8,2890,d59,-317.424,2014-12-25 08:31:41,1990-03-25 18:58:00
233,WShX9OCi,2046-10-29 03:01:47,j5g8,GoN,Mbzk6oguy,mu,Hi5ikW,-6114,Pf,344.293,2013-08-16 13:06:30,2052-12-23 07:07:09
234,Ak26WTuPB8,2053-10-09 07:08:20,9,DbQRm,ypzDtBQ,nVy22EI,Kjti,8978,UxTfMpM,7951.87,2024-12-25 12:09:01,1987-01-17 12:41:08
235,XvSAgLB,2055-04-04 23:08:44,v,hbkk4aJ,pa,Rkq,QLDa,2967,ene,-3939.48,1984-10-26 10:41:40,2062-11-10 02:20:10
236,waZQvZyPB,1994-04-08 10:14:40,jQsSzVa,Hqua,NMIY0h,p04X9,z2Z4QqP,-9039,XyQfsc4mEr,-8754.05,2026-09-18 11:25:47,2022-08-02 20:14:25
237,NAmNx,2023-01-31 19:20:38,2O,EqWG,kL6,o5TO,blhMrivUMi,1177,O6QtWiNzr,-4488.22,2055-04-23 17:27:37,2045-09-20 07:45:18
238,W1ISZkGUH,1989-02-28 07:03:05,39,6df,MF22tC,gCx,Vxg03NIYk,-3444,zeuQeHi8,-5619.22,2068-06-08 01:08:10,1977-05-16 23:22:01
239,iYXNN,1982-09-23 09:45:36,eGrB,GAiG,skl9CE,x,tTHjN,8817,FzraG7OpoG,-99.1789,2026-11-15 14:29:11,2039-10-12 23:20:19
240,nhDZ,2004-07-10 03:13:54,1IKZu,7ZSTpD,yYLu,h9MBSl,0Ft,-4017,U1PKHhW,-1814.69,2018-10-05 00:03:48,2031-01-13 01:19:20
241,ttqT7u,1997-09-17 11:09:20,Cj,rX,7yETdfJF1,SkOws,9j,2882,VkSxpkL0D,9320.97,2036-11-26 17:51:41,2017-07-20 11:52:23
242,gGKtHtghmZ,2047-01-15 14:00:49,AzgmOUWk,nYwdbve5,HS,gtp1,bW,6771,NoqsvGbbzO,-6114.21,1978-08-11 12:17:44,1970-11-24 07:18:22
243,L9cxmE,1995-05-03 20:49:43,xkHxK2z,HgxIKMjXPV,I7OE,i2Addgu,d,-7822,7p,2967.39,2004-05-12 13:24:33,2051-12-23 10:28:47
244,55eznQRb,1992-05-18 21:57:32,AGMO0a,ju,ctimwODh,WYPSh7PBN3,qAw7,9983,zFrqt,5528.68,2031-12-22 14:59:04,2001-01-07 11:38:37
245,WGrVdqJ,1997-03-20 13:32:39,sxIe5,NTxGM,pCKtHdqF,r6ju4x6,bu,2355,iNESKr9i,8146.94,2065-04-12 09:47:31,1970-04-06 03:43:12
246,BgoeYMyxy,2054-08-22 08:03:37,LFHr9,q,oR0fY,qLnH2bb,uqSGUD1,-5603,W,-2922.91,2019-10-06 00:18:34,2038-09-13 11:02:28
247,caUl2G4c6y,2036-09-07 07:18:21,4YVp,xd5P,JocuPx7,N70k,hW,-7470,Khcs,8034.89,1984-09-17 01:48:40,2019-08-09 00:52:42
248,Ma,1998-06-05 14:55:53,XKcDh8RL1j,v6qfvzwM,VQ2,c,RRCQnA0TeP,-208,bURAqF,-7267.81,1971-11-16 12:13:48,2023-03-07 03:08:58
249,dfBez6lk,2059-08-13 00:16:47,nD1,IjPQ,kIg2,2jv29eyvcO,zTleU8h,8805,SWdRe,8953.11,2000-11-08 10:43:19,2028-09-27 01:23:19
250,HVWx1,2045-08-13 03:06:25,AV9,M,Nqn4XrT,NT,jOzj,-7342,AjyGC5,-926.284,1974-03-20 22:13:05,2032-03-16 05:10:46
251,LFgGso,2061-06-10 13:32:27,HzMdg,ymDzew,0kY8hG254,pCf82KCQj,OPcmWW0G,-2638,miJwys,330.071,2032-07-27 17:18:57,2021-04-26 14:57:02
252,nvdQ3D5,2032-03-27 14:00:55,g66aMvoCb,aDuK,mFgsG9,85,Dk,2466,t1iQm0,3340.03,2034-01-29 23:26:37,2056-03-06 06:34:03
253,Szkb,2064-03-30 00:32:23,dgs6DoP1hv,oxyKaanqu,zUh7cWVIb,UY,L0IgQPIn2a,-828,AkxiL,542.938,2021-01-28 23:07:39,2031-03-04 01:43:32
254,kq3j,1997-12-20 11:01:49,rDUn,iDSG,M,wm97,e8Cb8,-6659,DPZSIBy,-7304.22,2003-11-25 08:48:35,2032-10-10 07:48:20
255,W18xIZ,2001-05-09 16:21:15,714YAhMn,Weotb2tt,2nKwvwi,TYYXzW0L,F0hD0,-273,lciKNIZRDY,5222.45,1974-10-14 11:34:05,2023-06-04 04:12:17
256,YjvJp,1975-11-18 09:54:29,EH8sMgnYnN,FjBylN,K,DycvMXF5,S,-5925,aXYi0Sm,2397.88,2041-05-26 21:44:18,2032-04-17 22:32:35
257,o8sz,2023-11-22 19:43:50,L8u3bpF1eS,A,sBW54NZ,84GOrB0UU,0TrfVNXk,6407,ILOmlo4r5B,-2433.47,2056-11-05 22:19:06,2005-12-28 14:47:57
258,uu9,2002-05-29 13:46:28,W2jd,LnLoay,N6kq,o10SCUsWkD,ZIbC9TVJLG,6025,eFO,7931.95,2013-01-08 17:40:27,2029-04-15 23:33:39
259,5lyE,2031-06-13 19:41:37,kodIZA320g,x,MQDmwc1,Qlzh,whE,-1759,LAAUYb,459.327,1980-10-30 09:42:47,2060-02-24 09:22:12
260,4zee,2047-07-22 13:53:58,e,Q,C,pL,I6lBBIsde,-2553,YAj,-5351.93,1994-09-24 02:22:39,1988-12-13 07:38:18
261,cfnWqDX,2025-02-03 22:39:41,vBxHildqk,seWd,lW,iHD,3,9403,d7pj40T,8523.69,2009-03-12 10:21:15,2052-12-10 09:37:46
262,S,1989-01-12 04:12:49,0XhX,KP0D,jrhe,WDBKjwi4eI,pisHUuix,-9622,4iwH,-3885.69,2011-01-23 09:50:32,2014-10-12 16:46:17
263,1MhaTV,2047-01-23 17:10:09,tvr0,AoQko,lZ33dRhvSI,VO2,GyYvK2HEY,-5439,kJc,9352.1,2047-07-08 17:16:45,2069-05-24 10:49:46
264,WfQM,2026-06-17 14:42:34,2AyZdpj81m,55af4LlGV,nsQjkg,qCRb,udE3xaccQk,-1580,Uo5NqePG,325.064,1973-02-06 18:41:50,1986-01-14 19:42:16
265,Cl,2038-10-08 19:47:17,eE3kz1i,On2eA1,Eeaby,d0Gq4M,28w,-2849,L6Q5tTkL,6205.91,1988-10-13 20:36:27,1982-03-26 02:12:09
266,SdAwps1toy,2025-01-16 03:21:03,MmxLCbsT5,fmy,4PWdXYIS,GtK,X,2056,QVIUjE,3690.09,1975-03-05 10:19:46,2065-04-10 16:17:28
267,L,2069-03-13 11:49:22,2kMGCFG,bgX,Q9xGni,L,Fl3,-2605,C9Zh53d0U,-4697.51,1997-11-27 17:38:26,2004-03-23 08:52:28
268,uYDey8SQ,1987-11-23 05:03:33,q4IOYJ,fEND2,om2,mNetYTA7Px,UCT,4424,QFUY,-3491.65,1973-12-24 15:35:26,2041-02-02 14:48:24
269,M9mak,2052-05-16 17:38:22,GqE,j,4Nc6U5jKAS,QeRH,Y4zFGHJ,-4552,1XSb,-8780.96,1994-03-07 21:47:22,1985-03-17 10:57:20
270,mIbFL1bxQU,2051-07-10 19:21:48,lr40,jWL,7vntoYU,fIg87lt9Vo,ze9,4647,LNEz,3177.48,2069-04-10 17:16:09,2056-07-10 04:11:53
271,Cn,2023-12-21 06:42:38,ds,TA0iARFJHu,rQKjptI5,sW,NCo5w3d,-2490,9,-7717.72,2012-05-28 21:43:11,2035-02-24 05:00:57
272,zF,2001-10-10 15:10:02,NwlrV,jaGF,rdairJKj3E,Iw3C,MK9Vi1,-1830,UAHNv74,-5357.41,1984-09-20 18:08:39,2002-07-17 12:40:18
273,aXxwCZR,2022-09-07 20:57:27,3TSLchIdUc,7NtT7uOo,6GjH,Os8L5,XkrwCP,6824,p,8738.02,1996-12-04 13:52:07,2003-07-19 05:11:39
274,tR7VLcJ,2043-07-15 08:37:21,6D8NElVPV,1ys2jpX,yBKaKCEO,kS,ZxWdFQfMm,4644,86FqVp7Ot,-8604.94,2054-08-15 06:33:17,2003-02-15 18:10:23
275,u,1973-02-23 19:13:14,U1Vrf,Czya7xl,rxi0,jxzVmL,Ibr,-6743,LCu1Rg8,5449.16,2065-08-03 16:38:53,2056-01-07 19:19:02
276,Php,1995-08-21 21:48:32,2zM4,FuEFLQa3G,WZ,pH,MB1pUl,-7822,mYsu,-5171.75,2047-08-20 10:23:52,1987-10-28 20:57:38
277,6HpGsl,2008-03-20 08:56:51,O8UExZE,cxjAKaHUm,Xu7BFCV62l,8aIpTV,R9w,-8307,OAKf,9997.91,1976-11-30 15:09:27,2060-09-30 14:06:19
278,a1,2005-02-19 07:46:04,mouRPh,BnI6,e,vI84Q,2U1XEykC,6712,Lcsy,2567.85,2036-10-24 00:55:41,1974-03-01 10:11:18
279,Op8j8JKZy,2006-10-22 23:37:10,sB,QmeSaopAQ2,wFwR,iLxFt,w9ZDIg6,7649,8Nk,239.355,2061-11-08 06:22:39,2004-05-18 03:24:09
280,I7kDkST,1983-11-18 23:14:48,HPxBvrP5Q,2XL3l36n,m,x,6CIEryE,9790,vpE,-2763.39,2061-04-16 06:13:46,2044-03-15 13:34:15
281,4CwsAOg,1986-04-04 20:27:44,nne3jA0,NoNRtWgf6,sgRow,M,LNB21y30Pb,110,BS,3170.13,1973-01-18 19:15:50,2002-07-27 06:40:03
282,qL9N6Io4A,2000-02-16 16:11:58,u7cyIkiah,zR35PsOln6,JRr,vGZjF5,O2H,-9152,kKKR,-7582.42,2043-06-17 15:49:39,2060-01-24 12:14:05
283,t629yAYFbn,2012-11-10 11:58:32,G6Y,3oYO,l,2qIBqvRDY,uX13wuLwxm,-6776,act,-9966.95,2050-05-01 23:59:32,1982-03-10 12:02:03
284,it,2023-04-12 15:24:57,J0hvR3,Tuo9,WeQj4aQdW5,3Ft3Ub,cKq,-9413,L3P,8931.19,2030-02-02 01:47:04,2012-12-25 09:23:18
285,e,2038-06-03 23:55:35,4mc,d9,2FM6ulDgS,i,DwOFZkz,-9259,RG,-5547.83,1980-05-20 02:15:31,1985-02-28 11:30:29
286,1X4,2044-05-20 03:55:18,1u4DViRzQ,5H,N1G72Ci,HT,H92,8556,dkb4Oz,-6518.24,1984-09-17 21:13:57,1999-11-01 08:11:29
287,Xa6Igod8c,2044-06-04 18:13:21,iPqwpFXJy,5elD2GmA,N,GQ,I,6232,1rQYhql,7406.65,1992-02-19 02:16:51,1978-06-02 15:45:57
288,Fa7a1cE,2032-09-27 05:28:56,Zp2yI,zhVuN1RMB,nQ99r0Yv,7Rj2bB,sJk0zSU,6241,N7fCqSCS,9354.28,1996-12-29 12:51:34,2025-01-08 08:36:38
289,U3ZSi2xPIh,2000-02-04 06:08:56,V,3V0TZ2zJDZ,jKbW,JBIErA,kGMPZQ4,-3526,DUVThXs,-6060.75,2052-11-23 22:11:33,1974-09-06 05:06:39
290,95LZa06Kr,1997-12-07 21:26:25,3Wt,Kp95PGGv,HYcmAUOvIU,CFMVa1bV,8He,-4399,nMogkc,-1543.41,2023-04-02 00:08:07,2063-04-26 23:52:57
291,gHuxLiVZ5f,2002-02-17 06:46:15,umNGvHB,B,psnQOmYR1m,s3D,qwvGc5,6826,BIa1s,-2375.92,2055-08-30 01:38:51,2053-03-14 10:01:18
292,ct5eO,1989-10-18 10:13:10,yK2s81b,q,W,XkcB0,nhTCcA2,8568,5ZOfm3uDX,-4801.62,2044-09-11 20:39:31,2057-10-30 13:31:09
293,S,2013-10-07 09:18:56,ue2OiGDU,5oD,Pu6X,8hcwhZ,c,-1572,Dkumur4,-7433.83,2018-01-19 21:15:36,1988-12-11 02:35:54
294,70J5bB,1997-03-30 01:21:51,sjMFfs,M,AbbflXwLpE,3IvHN5dN,dLG,6748,6xNu5uNpT,2333.5,2058-09-27 19:22:48,2026-09-14 15:47:45
295,AHmKt3kSi,2010-05-23 05:48:43,aiX0,Dbo,s352OKM,38BytO6,fJl96UJZDk,-7766,sKPNyXM7,8025.2,2069-02-03 00:19:34,1999-01-19 03:05:24
296,rv1iWazu2b,1977-05-05 12:16:40,VAh,K,xDW,qOZtAaNo,0mzBaE,-8067,femA5rca6,-9626.39,1977-10-05 10:06:39,2018-04-04 07:17:13
297,L1,2049-06-09 19:38:47,uGvG5l,0aV,hK,8a4Ecgc,zltB98n,-7047,ZnW8J9E,-70.3115,2014-12-25 04:50:47,2032-07-29 15:36:23
298,3Ul,2012-01-09 15:00:02,qbAcpViMLg,8klce,Z781JBy,hHM4,8mPO5joaUo,-5021,WFMf,-6757.59,2019-05-17 10:51:13,2004-09-11 10:01:48
299,ycyq,2030-11-15 13:31:51,DuWoZ1,4cN09H8Wbi,ZHj3dwx,e,maz,8524,reFuZaFAi,-5841.99,2022-07-31 07:42:57,1980-06-30 02:41:31
300,xE,2060-04-20 13:10:16,xr3,u,RXldjtLX4,nScGzyvT,HFFZlgCz4,-7978,24ur,-5303.46,1995-01-19 12:36:18,2009-03-22 00:01:45
301,81rCwatO4,1977-04-29 06:03:43,xP6GtCRjd,q0XLsfo,eSd,CWoZiuBId,mRqgMa,83,bmSkfJQ2vp,-6787.24,1994-01-29 04:05:03,2022-03-19 19:08:00
302,0s1tHm,2003-11-06 21:07:31,0t0FJp36,Toely3NKH,yPJjXlhl,qTYVVj4,agSPkalK,-3683,nt,2539,1993-06-03 23:15:19,2057-08-21 20:38:47
303,vkd,2014-05-29 10:26:26,lSU,WB7,f,9tOo,g9,5329,6pT,-8456.23,1973-05-15 00:13:56,2046-03-03 06:13:15
304,sBr8J97,2066-04-15 00:47:52,kmhofBt9s6,u64cn,c1I9,wgvbyC,pWSrZKuyAP,3129,lXF4NUVt,-7378.53,2033-03-23 15:06:26,2041-12-17 22:47:17
305,k3JAQDxby,2053-05-15 01:23:21,gHlgPbP7yM,yTm2BGy,LFKQ2,z,1,3298,pLYD,5260.92,2069-06-18 20:20:06,2051-12-22 04:53:51
306,enj3d1P,2011-05-17 06:42:36,3L,jT3kTxd,5,7,bK6,6953,IiAnpDET9B,-9416.33,2025-12-16 02:07:32,2010-05-28 01:59:32
307,W,2054-08-06 14:03:28,olGixErs96,rq,KI0Qx,UmIE,Rt2DmlV,5710,nMNaFS,2678.82,2065-10-09 08:33:29,2021-05-10 07:28:48
308,FzOpkZO,2057-09-26 03:00:33,YB,gqplIVEwV,MgqkanEi,1y3w8Wk,Doam8Ba9n4,-5273,goZNkWl0r6,-8400.66,2063-04-11 12:33:48,2051-08-31 13:08:24
309,0JZiUpNZ,2008-12-15 16:45:51,p2xewc,mVFD5,u3GjeLPT,aMYOb,XBxPoaEqwt,-4331,SS,-4814.77,1974-08-11 00:46:21,2020-09-06 11:49:00
310,qh,2044-03-19 13:15:38,7Ug7TO,mJwHSSdi8,9Sug,3w2Fs,X,9117,046abn,-4261.47,1989-10-29 16:13:32,1984-09-19 14:39:56
311,Ner9,1998-04-09 11:00:07,VQ9fSvEw,g6YT82nU7W,LkOgOx,c8Krbw,l2P6t,2586,9tARRfZc2,5481.4,2009-08-01 15:24:35,2053-07-21 16:05:37
312,V,2018-02-16 06:31:16,1EE,I9wn,6f,eTmG7eOfT,zcDPo7gkL,-5091,h6o2mMe,7404.32,1985-04-11 00:53:02,2061-04-09 12:14:06
313,hsw,1988-05-14 16:01:50,LWF,AkKRk2ggRA,9HuzCZX,t,a9ge2,-8644,Kc,7542.24,1986-04-05 20:56:38,2038-01-10 07:24:58
314,dTd6Aia1qi,1991-10-04 00:54:25,G1rhw1M,uEPwvECyk,KU,V,AMD,-7747,13b0DSao9b,3484.92,2068-03-04 11:42:59,2062-12-03 02:15:41
315,WuIqUJZ,2022-02-13 10:09:58,xgfjGkS,obd5Hm4q,1KI,VfBRlmoq6,Q,2387,BhuuOU,-9805.62,1985-12-19 00:59:20,2059-09-10 01:10:21
316,P,2002-11-01 05:20:41,2UX3KmQWgq,713BSHYFBK,yB,Om,le,-4894,U6BXr8,876.213,2040-01-22 23:13:12,2019-05-05 17:00:10
317,RohZJeg,2021-05-23 19:28:03,t,zZs0H,qm1zun41,xF20rH,XVZNwYSCo,4070,pxYrqvE,-1336.67,1984-06-12 04:36:15,2036-05-06 02:40:53
318,RBEA1C,2007-12-05 17:05:03,MqLSvyCvw,8km,rap1PKY6Wq,uLg75yB4,U2HyKmyoB,-3692,p1WwWZvcp,-7227.04,2034-07-03 07:51:52,2009-11-13 05:17:30
319,v,2018-11-01 06:42:00,7JWl5NoU,sYGMapnel,sXLEfXs,9jbB,T77hadqMa,8543,aiB2C,-1271.8,1980-06-09 14:59:35,2030-05-12 11:07:09
320,VNfxFZIt,2016-04-24 15:57:44,w5PT,RM2Y,7yyeO,zJDPQEm,HPt,-9745,XTM9LLMef,4545.7,2008-01-21 15:12:39,2019-11-05 17:03:15
321,2jaIb,2058-10-21 08:54:05,oCvW4Hmw1,OI,pMPQQR1,B,X7T71w,-794,ZRhB,-6344.47,1976-01-22 00:52:15,1988-08-10 10:33:55
322,sZoLQkjh1V,2029-09-24 04:29:37,r,H,XpvKmk,2,cSzBOi,1316,9rk,-9346.19,2011-03-06 18:16:22,2006-08-25 17:14:16
323,tBEOmJ1KxZ,2037-07-19 20:35:15,ESuLJKN,ltfcw4bxx2,FrH,N,qOxluA,3366,FkMEpVNaj,645.439,2000-01-19 17:28:43,2014-07-04 12:02:38
324,SuJqzo3,2037-11-02 09:37:34,dHAN,b1i,UquQrfSU7G,quvs0,oB,-3658,KMpBfQAYVy,-2228.77,2053-05-31 16:33:47,1999-03-30 20:48:39
325,KuJN38t5gS,2020-02-28 22:36:34,A1tERHyX,MqS8Sb1SSb,9RMV6Jn7Kw,HX,i0uBx,-4387,vu4Ur,7501.72,2060-05-16 21:50:05,1970-02-04 11:57:05
326,4j,1997-06-18 13:29:36,cR6EsLc,M,KXeYVeKWe,F8G,El6ED,-3186,aU2llmT,-1077.31,2037-09-03 22:16:35,2061-12-19 11:37:03
327,VLHis,2057-04-09 18:21:06,rs,q93uhTlmHj,U,xP,T6DkGz6lF1,-9724,wM1JDS,3862.55,1999-02-15 18:39:43,2059-10-03 01:07:04
328,DdbZG,2031-10-05 20:19:26,ksq,CvTNh6T,TjXg3Bs,6nfKLt,9rxh8OWy,-8198,Q6Q2fLej6N,-3786.74,2057-07-29 13:40:36,1973-06-02 22:50:08
329,1QZdJr6N,2051-11-08 23:54:58,HJ0unfuI,4,drqdtHa8AZ,wM4WGm,M9,4118,BTrRw,5938.32,2037-11-06 19:07:20,1997-11-05 01:20:17
330,E,2063-01-14 15:04:51,npkXfn,MG5x,snQYlNkXu,b97dd1,p,2695,H8a,-2504.13,2051-09-29 13:19:13,2000-10-23 18:07:16
331,2Zdfa,1976-06-25 04:21:23,39rxz,TCb68,uJVvLedvc3,0zWbAA,W5d,7418,Y6s,-8830.4,2035-10-15 12:50:37,2046-07-12 00:28:55
332,NHT,2053-03-01 11:40:55,bnrUw,49Nd7ZXTA,EOWwH,B,3OY3,-9309,PAgR1AgGWt,-2191.31,2009-06-07 04:35:34,2020-09-19 12:05:07
333,fRp3UemH,2056-04-11 23:34:41,o,j2,1dyVeg,O7Gg6Kw,D6N,2080,1OMp,-5515.17,1983-10-24 08:13:49,2005-11-21 18:49:14
334,PC084GbR,2024-04-15 20:22:17,P,FuMOi8f,xKE,byiqCRaX5,LxPc,1051,Lf,-4392.79,2066-08-17 23:44:20,2015-03-27 02:01:31
335,iMwT8v,2064-05-25 09:31:06,xobcr4Qah,L,GD2CCr0GP,t7,mML7o,-3219,Q7Wk9NeikW,571.952,2014-01-02 02:54:10,2036-07-15 04:24:32
336,WAy9Ojqc,2024-06-01 22:53:28,6Oa8Gr,cJQIcOKYy,uutc1Us,o9STd0D,mSro93Y9r2,2199,i,-1461.04,2055-09-28 01:24:03,2025-04-18 03:19:29
337,TrjBM6,2045-08-20 02:09:33,YP,BO4FHYz,0VBBMUlQhz,PD2ImvIsr,SNezN,-7823,iM,-8269.49,2037-04-06 23:38:37,2013-05-17 03:15:43
338,IoUbH1tT,2015-06-29 21:42:00,bnc,tK,LaQ,J,GRgh57,-2838,R7Te,9231.73,1977-08-19 02:32:27,2013-10-28 06:04:21
339,Xi7K1,2060-12-04 10:13:36,X2,FGsUo,V5X,cMlTrW3,10emt3MlPI,-6761,P8dNAr6Bx,2426.72,1995-05-02 11:16:55,2056-03-04 13:30:38
340,khXgk,1971-09-07 03:23:32,knLKbTQXo,w,WSmjvGI,kBobuxT3,IwonxYPmH,-4764,qGJVp2HZ,-484.034,2019-06-10 03:10:35,2041-10-01 13:34:53
341,mFC,1985-11-23 19:00:38,NbqYf,D3H78s,lsrjR,bU,KuDmJYG4B,1822,we1ggOT,6222.86,2061-12-17 14:38:03,1988-11-17 15:58:01
342,n,2030-04-22 14:47:44,K9QRoepP,prk7cQUJ,P1zRFgn,cCdCUkH,C,-4260,HGGKtN4,2788.07,2057-06-20 07:19:44,2061-05-30 18:45:34
343,CxvAseusd,2055-03-06 16:38:12,Mt,Z7uXUFak8X,E,P7gggzs9Qc,JgY16,6277,11Vk,-1571.2,2018-02-03 14:09:20,2060-09-22 04:21:02
344,JK,1989-07-22 14:20:38,z0yA6,n3,X,bIUvuIcNDK,JcNjDTiaD,6343,GI4l5,-4966.86,2048-06-06 00:56:17,2033-01-29 16:08:26
345,e,2063-12-05 02:17:11,Ggvr0mPg,nuWdkxUJBN,ljWYL,daLebCz,KI,-4062,d,2892.8,2068-02-10 02:32:46,2001-07-18 01:02:19
346,H,1996-04-04 00:33:56,v994o8foOY,szKFCYb,9vXRx,q,7jciflU,7914,q2y9zYS,7375.65,2010-06-19 21:44:29,2047-11-17 09:32:40
347,H5JMwKzItW,2019-01-16 07:15:35,K4ENmoOf,SnNzmKIVli,JEoT44,24fCH48,sX39JF6iy,3736,bHV0FlAyR9,9415.22,1977-08-31 15:19:35,2015-02-26 20:14:28
348,vx81hA8N,2055-09-17 07:13:05,0YjNpEEW,a9Vx6tkA,HSPTnrsd,JeOCWcqq,kE2KRGVW,-9140,XK,7298.41,1993-05-08 18:51:09,2015-10-07 06:14:43
349,1NcWyf,2006-05-30 23:57:15,xvZ,dDrDSJ,T0d8mVY,TyTrXbjnzs,B2hStS,6597,hKUwI6W2,1903.29,2049-09-18 05:35:51,1985-01-02 01:18:37
350,iTCuiJx,2042-12-08 09:18:02,GtHeC,JXdjOsQh53,rQ,tIGLIll8,Ty9PJYj,8708,QYizX49qbr,2384.6,2038-11-20 12:21:36,1977-12-06 14:16:23
351,7GWu36l,2051-09-22 15:44:15,G,ibZFBxKR,mXiOSrI,l,tcsN9cI0,-3809,U0SSc5,3012.38,2056-04-30 15:10:04,1978-03-30 06:52:31
352,UcsTQqV,2053-06-22 17:27:22,CB0xkelc2,4YYGNgAov3,Ua1xXU,zkYARRLS,JeTptAiA,-7812,tjBqrns8,-4457.1,2051-11-19 12:42:36,2011-02-27 02:39:31
353,ND4TJ9A4ZA,1983-04-12 16:46:16,79h4v,TfPl0fuKE,VESjYEAC,wWzKNBH5,Qul,-8305,utuis4UFG,6552.16,2039-05-31 22:34:52,2006-02-19 07:20:30
354,5Voha,1983-03-16 20:15:09,a6wDylcNeo,Z0RfpB,QrCsYgW,5f,QYb5jc,7652,MKnmyIxT,610.373,2048-04-09 06:22:54,2003-03-21 08:10:28
355,pq,2042-09-12 19:33:31,9QTq,yVlmUc,f4pUAiJ8,x,2Rw,-4919,G0quu2L2Ke,7771.2,1991-01-12 04:10:55,2017-01-15 21:16:55
356,Lm410,2020-05-30 10:34:05,Cf2r,kll,xK,nunt7C,ICEXpyn3P,-7739,pNu1udT,-3686.05,2054-05-04 22:22:13,2057-07-26 18:36:50
357,ZtN,2064-02-05 07:50:27,8oQHcebO92,kampZxer,zh4,o,W,-1146,wopJ1IqIp8,2348.62,1984-11-04 07:54:41,2049-02-26 23:20:19
358,reaC2XROM,1989-02-21 09:27:04,4AIiFD9,4kq,t9Sfv3F14Y,T8b,bTU,1005,GkYeAoX,3325.61,2006-06-01 14:40:49,1975-10-23 19:58:03
359,JSPnUJ0vka,2061-10-03 03:42:59,C6,vdbl,wRK,dYXwlae,nhRYCcfv,-3015,LVxX,8377.58,2051-06-28 19:14:06,2017-08-22 17:10:19
360,YBjR9cx,2033-11-08 21:00:13,pRfvwTAZx,yrWw2W,6JBECVRg3,AXc3EpcRWq,Z67,-3769,Iu5VUt3cr9,-5681.49,1978-04-25 13:29:02,2063-07-24 09:40:04
361,HqiQS,1977-09-09 15:40:26,gnTi4RrM8,wIRgjvq,PgwJw,p,cdDWNHVpA,6582,NZ0MnHni41,5521.48,2024-11-04 07:47:04,1989-11-30 21:11:58
362,5yPy,2004-02-02 04:00:41,N,Uo4Z6twp,JR5Iy7,ga,TsC1Ra,-815,1,8948.7,2012-01-09 22:16:28,1974-01-30 22:10:17
363,SDvYzv,2017-05-28 07:07:56,yUZP485,whNIKDvzJ,K,b,b1gECty8K,5085,u0mGISedU,8774.02,2032-04-10 10:04:52,2012-01-21 20:05:15
364,GW9in2f,1996-08-12 08:03:37,5clC,kTd,7bB,127tFb,Oylna3PHY,4298,OURieNh5,8567.91,1989-12-02 08:33:42,1980-11-10 23:17:12
365,1Kbj,2012-05-22 14:29:43,ARL7uKmG,Yv,BJA6j1,COkQyOx,E,4184,8Uch8H8r,8579.57,2045-05-06 06:57:05,2023-05-21 17:34:49
366,ja,1991-04-23 03:38:20,oWpVBiSh4,TaV,r4c7,pRATq5jDE,TC1EtV0yCm,5960,s698p,-4609.46,1995-09-26 23:05:30,2013-04-11 02:41:04
367,F3i096JF4E,2051-03-13 23:43:54,uW,vWyYRrfc5I,tHyaCHO1al,FWYGSnuNBC,UI,2964,XF4X,-1226.21,2000-12-10 15:20:33,1990-02-02 11:31:16
368,3fB,2000-04-11 05:54:49,EJTq6ZlkX7,dCOs,gZ3n,xSzKZ,WT,-7824,IY5efid0,-8872,2067-12-20 19:00:41,2051-11-03 14:56:41
369,Q,2043-02-26 16:20:46,hfqDHBT,b,hgyGPA1V,7WpJOXG9,aEQlk6f,-9060,nnCxb,-8537.87,1977-10-18 15:48:44,1977-10-14 15:51:17
370,DTrR,1984-03-02 18:22:09,rQKTlq0NGD,x,t21635rd4S,EOg,Dwkg,-7085,2Y9jG,9165.72,1994-08-24 07:18:55,1972-02-08 19:36:01
371,uQg,1985-12-15 14:57:59,fm2o1G,rhB,NXZ,I2BKu,i8cm,-5370,Ot,248.937,1977-10-25 18:13:05,2024-05-07 13:45:42
372,EbfMlC,1979-04-07 23:34:26,eVK,e6nf6W,fGqgX1n,gRCyn7nSf,0CPWrqUB,6527,mb,-607.94,2002-03-14 04:19:28,1983-01-23 18:52:51
373,2HYaz8,1987-01-17 20:34:51,hhDPpalc0,3KTQroWR,hk0,R,qE,7323,Q,-5337.09,1998-01-09 16:24:11,2022-03-12 16:14:59
374,EuBeFGU,2003-12-02 14:35:28,zk,ngsvLt977c,KUR0VXaQk,s8EI,h2,-9753,38,6678.06,2058-02-13 03:54:49,1973-03-04 04:03:12
375,7,2046-03-17 00:07:44,cA,OPiHmcaPNz,8,wvMUcK,9WkoweF,-7162,aj,473.222,2013-07-02 13:53:25,2011-09-26 17:15:05
376,A1jSqLaAO,2038-01-02 13:41:22,5Kn3,AVF,c9UhwBC5Lb,waQWvh,valSJBYX,3902,cs,-8081.64,2051-02-21 12:46:21,1978-06-12 09:38:30
377,9IpVbsT,2047-02-22 07:38:49,FeHaT,HIBReV,Zli0gKBx,fuLFBxJea,z,-4167,OxcQ,1674.85,2051-12-26 17:21:40,2017-09-01 22:13:36
378,Vs4,2019-04-12 01:19:54,fIvj4Dw,u,PFVJtgOQKU,8kWJ4ZhF,6FpQ,8342,YYyl8p,-4852.45,2064-03-16 01:50:55,2008-09-30 20:08:47
379,USGZgxN,1999-04-26 20:22:46,psbHtdc,kPMealZv,5FQAQOv9,y,uFVkN7OK,6251,M9HbY,8762.19,2010-07-07 05:34:43,2066-03-10 08:31:40
380,Et,2034-08-08 18:44:00,PG8rtIp,dIWQ,0eoFAyxCVV,fQb,3dAoerW2u8,-3634,qmfdspm,5474.11,2025-11-20 17:44:11,2002-09-07 20:37:13
381,s,1982-04-25 19:09:50,pB,bEl,QJX3pE,n,3leQOye,-6727,owYMUzLoB,-4357.07,2048-11-30 12:30:56,2051-10-31 15:15:00
382,j1WDUSljJp,1973-04-15 17:35:04,lmUzZU2wP,MzpMVA3,VC1Isv0,NUT4MaXgQx,f,-4064,pV,-6511.86,1973-02-26 07:36:52,2050-10-17 18:47:07
383,xuEs0iJwX,2007-03-01 16:34:56,KwPnF,AKXxgjEYYs,y,LIH9oRDm0C,IP07dO,-6180,0ktCf8b0d,8125.47,1993-04-02 10:03:22,2040-03-25 15:25:27
384,C4L,2018-01-14 12:47:01,Pzp,UpGrBwF,M0G9R,jnJtYSN,iCnMs1,3278,116dY5,-1445.41,2012-09-23 02:10:32,2020-12-25 03:11:05
385,3V,1996-05-08 07:01:30,w4,u4RiSdYfH,WeH9,xUOopa,Fu,9992,h2DeO,-2510.78,2061-02-08 05:35:15,1981-10-08 10:04:12
386,lsKd5,2018-03-10 13:07:08,HAxbiAgQQ,vg,lcQjH,KwO,cRI7d,1725,Pf3hB,-4428.29,2058-09-19 23:43:25,1980-12-10 05:20:09
387,U,2047-03-02 10:01:16,RA3,O,rJHtbdgOM3,EQmS,ZcPYr9XX,5722,NGHdQwU,7855.95,2004-08-25 21:27:27,2044-11-07 06:57:30
388,JK,1983-09-23 07:01:56,Hhnp1BAsp8,w6p,xTqtt6VXr7,A73c,DIOF,8497,tvEuXsPY3M,5038.97,1972-08-01 08:20:49,2055-09-26 21:01:16
389,I8Phmg,2030-07-28 16:54:12,lV,aWdATt7dZ2,nLdq1BpN,eMA,7FSqRuHOGR,-8828,ll764vvsL9,-3555.88,2034-11-21 14:05:00,1989-06-27 11:13:28
390,L,2012-04-20 17:35:12,BXsdg,Q,ppQB,DbKm0qR5U,ExXnmMpJD,-5835,8bj34,8941.62,2028-09-08 03:58:18,1972-01-14 15:10:45
391,DNr,1993-07-14 08:15:27,OpmzRLoft,vrzmG3b8,x,1bIM,OpDYtA,4906,WLs,8307.41,2060-07-17 02:43:54,1988-12-14 22:34:41
392,b0y,1993-09-15 15:22:09,rw2RaXMHu,G,xwDQy5,a7,CxJynSXSyi,7964,M,-8105.67,2059-02-01 20:33:10,2028-09-29 18:13:15
393,7aDkA,2065-06-05 04:58:00,mDJ,Wz,9,Q,M4l,7473,S5gY1fJ3rl,8192.9,2027-01-23 03:50:17,2008-12-10 16:44:02
394,OVBsjh,2037-01-25 11:56:36,T,wqnipJj,r08yqd246,mqRs4ajh,Q6C,7001,99Cn2,-8801.4,2067-01-20 02:37:24,2031-07-12 12:17:14
395,BcYuMjANtS,2007-05-22 17:30:47,LO3QfG1DB,rqv1unzy6,F5sLR5ruqp,2y27FkoIS,WsKyYQeIA,5648,9d5so,2620.36,1990-01-02 09:40:10,1977-02-09 03:44:03
396,wyADzk2ivM,1977-07-09 18:21:24,AE1,A8xA,sy,3n1omSXL,GvoF4Z7G,3331,Fdx7WWUT,4746.97,1970-01-23 10:20:31,2043-01-11 15:43:09
397,NWfMUb,1987-10-22 23:01:03,uI,1nz4,D24,ykA8xG,hTxHId,9047,fr0wA,-876.797,2053-08-21 15:37:51,2062-08-29 16:40:39
398,HbjnfV0Z,2041-08-03 18:19:55,3iFNv,Og,Kg9Mj,TKwMWr,cyoHVgaxkX,7652,IU,5093.39,2052-02-15 09:46:43,2046-04-10 00:29:17
399,z,2046-07-09 20:20:26,mc,pTVym8B,D2bMvncjOT,qRFLi,wre,-717,h4G,-7294.27,1998-03-25 02:50:51,2068-12-06 12:02:30
400,wtAVRZzN,1979-12-12 08:42:38,rusozTKCjy,XK,IgvY,G5jcGQnh6D,PZrUXwj8,-5274,fji,-422.343,2063-07-10 02:57:23,2061-03-17 21:45:12
401,n,2022-10-19 00:45:07,a6vAuqHvCc,k3bY90Hlz,UUnk,hF,DpuD9NB7rq,8669,8R5,9612.05,2058-04-14 04:59:12,1997-02-22 02:56:31
402,owjuI,2020-08-06 01:18:45,mmwFypcYPE,WRqW,5,I,M,-6026,XPZ,-2803.1,2037-10-10 07:19:57,2007-12-30 12:09:46
403,WaorKn,2047-02-03 17:11:44,hFq1KIpCF,DFAQiD,9iaAnZ0JVc,p2WQULK,wOc,-4244,oQGvKjEu,643.486,2020-06-01 14:50:00,1986-02-03 10:37:15
404,mmS,2060-06-25 04:04:22,1cFp,BpB59u7,jeg,r63acA4Ea,tFn6,6791,tj2FYcr,147.192,2056-03-04 19:34:19,2063-04-17 14:22:29
405,m,1985-08-13 15:00:09,SRirRU,3aPEX8G6X,d29G,dIH7sKD4,o,7878,mwMxAPC7,-8260.27,1985-03-09 07:04:57,1988-10-13 02:02:46
406,HO37l,2045-09-16 05:06:01,Fwjb,ty0xdz5bbL,xA2clw3pqJ,4WjRfo4J6,Q3uyW6s,7388,Hkza,-9185.57,2006-02-23 14:19:16,1982-11-09 18:22:47
407,qQNZd,2014-10-02 14:34:23,NTTf1W8,ra,cSmx3,X91,r,1259,SvIVF,-2797.12,2007-08-24 18:17:52,2056-10-11 06:41:22
408,kw9Lzp,2045-11-15 20:10:36,s6Lz1ZwUzc,reWtm9,PvNI1FLyS4,VY3GAdZo1W,aRoZO299L,3380,NESwmfX,4876.06,2016-04-11 14:33:32,2047-06-10 10:08:58
409,Ud,2018-01-04 13:46:53,G8Mb,uv8m3ZhZp,rendiIl,MoS,uJIB0m2BF,4451,NBmX4eJ4r,8409.74,1979-12-06 10:57:43,2045-10-16 09:05:36
410,xhkIIB,2047-11-05 09:13:31,k4U8xwn,dAs,gOj5D,OK75XWWft,P3HPCzsF,-2780,xR7CRDMJdS,8137.51,1998-12-08 01:11:38,2033-04-02 17:29:52
411,QR,2028-11-07 20:47:07,3CtiOlbQn,jzA3w,YN87mkW,RJ7E,rza,-716,w1,-4867.72,1974-01-14 04:11:59,2030-05-08 23:32:50
412,K,2024-01-28 13:18:45,Iz02OXB,s7vxl,UubDD,NHvCn7,VQH,7841,wpZHHLI7m,9061.2,2031-02-12 22:54:34,2017-09-23 22:18:54
413,HJS,1992-11-01 01:57:16,rR,r0yLBcsyn2,EKtW,6nafhC,lh,-2726,yNzD1hj,5444.7,2033-11-18 13:34:28,2017-08-18 11:54:27
414,XIGr,2041-01-15 09:33:26,fX,c3H4B,f,6ORWu8TH,Am2oeXa,-2576,5urQbT,627.786,1991-07-19 02:00:54,2068-05-02 08:02:30
415,eQkH8,2006-02-01 10:32:08,72m,1kcy,YzpZRlD,HtW,mrA,5368,ros,-4597.98,2001-11-25 12:02:25,2004-10-02 14:03:54
416,xh1bdr,1982-01-26 19:59:04,m8Kxxs1,tS0hH,JqRp,v,c,-5784,TDg4u,8012.75,1973-09-17 14:54:32,2066-12-29 18:52:11
417,lBS,1987-03-24 19:20:52,jJNzuzyIx,h,pp3jyH,wZ,K7,-7403,qPOGQ,-6605.79,2053-01-20 18:39:52,1985-12-23 17:57:36
418,v,1985-12-05 23:51:56,5,tBzSdT9o2A,cS4gS7d0Y,nLKH,Xbb,-7735,z09kkI,-277.344,1989-10-25 21:00:03,2026-07-06 16:40:20
419,gwudQxEK,2002-02-20 17:12:48,QGOFDDjDvg,Gcn6NtYp8,ug9,T1kwJntAHy,hFpyDocs,1909,EyJfRqk5mt,-9405.01,2026-12-06 12:32:31,2046-03-31 14:01:54
420,jir7wRMh,2045-05-18 08:57:16,9ql,X,x6,kmIx,q,-5731,cO,-5516.3,2002-09-07 05:34:58,2051-08-28 14:42:52
421,2SOhb,2014-09-21 12:42:09,4n,0,QWlyoOer,VuzlquOds,fmaXaT44,7086,3,-8643.33,2014-03-25 21:06:01,2010-06-16 10:05:54
422,Qlu8,2040-05-23 17:58:29,QXy,keXrySv,DVmxx6mYv,L,1H3SMLFe,-9955,2,-7606.18,2038-03-29 12:57:16,2045-11-25 23:43:48
423,r,2036-10-05 12:55:24,k973K5,s8xvvYds,1Kdjj1ZJe5,wp,L,5074,Z,-6892.65,2065-10-20 14:16:33,1994-04-28 03:52:21
424,h4zmlEY2H,2013-05-09 23:04:53,mlfAB3E,kZ4,CFAzD0vkU,C4xNnGyQvr,99B,-8463,KcqJjD,5906.62,2002-03-29 23:04:01,1999-09-08 06:32:26
425,DS6a6szwvv,1975-08-10 17:35:38,bQR94rD,Bx4MWOlV8C,FS8hG7rJi,w4DaeKg,DowgD,3377,NSY22,-8690.4,2019-05-28 19:05:34,2022-02-15 00:38:04
426,CJkCBUQ,2021-07-09 11:59:39,t6,dX,LvuPdZ37I,lBISziwCi,Ou3,-2102,cSfFd1db,3028.27,2013-08-12 23:10:23,1980-11-16 04:10:55
427,HqSOGESq,2052-08-31 00:02:48,Q,XS7ngHqZlG,CX,p2,Ewyyqo,8058,Qjg8o7cQqJ,-3108.61,1973-10-30 02:57:05,1998-04-27 03:59:00
428,Ni5o,2020-10-05 19:16:11,yka,Bmg,l5E5,eKAwJ,Iqu3MBlh5a,1209,xNdA,5592.16,2014-06-26 06:20:50,1979-02-07 18:49:42
429,O,2009-01-16 07:04:50,nsOlGWS3z,FDgnbXNMj,OWzP,mu,c,-5151,ZlG2D,-4719.1,1989-04-24 19:59:50,2065-05-12 18:37:39
430,lMF,2014-07-25 14:57:29,THYWS7,fmWAve7u,m5LgTY9ydH,YHt,VgAVjTvJ,5389,roiD,4451.02,2019-01-07 22:39:47,2049-01-02 16:16:28
431,UGeUi,2004-12-13 15:17:00,2q4k,BfVG,CeH8,jD,mb8Ip,3608,hbnEa2ap4,3837.23,2064-05-04 21:13:30,1998-07-27 20:51:16
432,c,1972-02-28 08:34:39,NqGCAP,Z6FEeWEr,rXB,yjQV8HaK,EwOtRLBO0,7849,Qt3aF,353.412,1987-08-23 22:07:27,2063-01-13 05:25:45
433,6EOqM,2023-11-30 23:13:46,Pq8pP5U,z,ciFOwW2H18,hs,dGvtgBMb,-8755,RUryiSI,-8836.01,2011-11-15 12:44:37,1983-12-25 15:31:55
434,8g,1979-04-22 13:43:51,R,Vbp0fm7afs,DiKG,i,SNTtwmKf,-5924,mW,-5568.01,2061-11-26 11:55:33,2034-02-17 00:32:48
435,Fr,1979-12-23 16:18:30,Uke2s3jf,OKja3s,0TFL,9z6B,V,4356,flEqocbCOB,6450.17,2011-11-08 12:59:15,2061-02-20 23:27:29
436,D2xhm,2001-12-05 06:55:46,a,QYFein,UT,MF9ZL,1X8YrVsuGI,2111,fxUp01hHk,-3885.32,2015-09-13 17:30:25,2043-08-27 16:15:35
437,BWoVaRz9qR,1986-02-04 03:02:50,gmfC,VV2Z0ZZ3OJ,E5jR8,Eo,apuSxhsd8,-432,6K6d,5504.66,2054-10-09 04:37:29,2049-12-01 03:17:10
438,1,2064-04-27 11:56:41,Q07rabZ,6bqICn09tg,Ef,UV6ZBJA,0lH6,8702,Ejq,7184.4,1984-10-30 08:51:22,2030-10-31 16:22:51
439,dnC,2018-11-28 16:50:12,eWNuOzP,1u,RJk,AlOYV2UCAk,l728a,5188,HvOr4Ma,-2441.18,2035-04-26 21:19:55,2022-05-29 17:45:30
440,9GZ,2005-09-30 06:17:36,zw,G,NVSk,9cxO5,g,164,AeQbAEZub,-2515.81,1983-06-17 06:40:56,1985-10-29 02:58:57
441,WyYSheNvDg,2063-06-07 21:15:08,MXTC1kh9o,xWfaQWH,D,4oa9,1ijD9xhU,7558,e7stLJp5FX,-1731.63,1996-09-15 02:24:51,2026-09-27 13:31:43
442,LEdV8cjAiF,2032-01-13 22:56:15,XG,nWlGxc,iZtr,OsdX4xCji,S3mNX,1054,tbuSX8oroS,-2786.19,2049-02-09 23:33:46,2059-07-23 13:58:44
443,uJZOKsc2m,2054-09-23 15:51:36,2m,W,kfxpi,bna,bXkzA5,5734,uadl,-9106.3,2014-08-07 12:15:27,2037-12-16 16:50:19
444,ks5Uepw,2069-05-08 15:03:25,XtGcuAz,yOtOkrM,Vjh,yzIq5OI3d,l,-1406,AOCQIx6SuR,3113.5,1999-04-28 06:35:23,1993-09-30 19:45:44
445,yeKb,1987-12-20 15:04:54,pO0AXEVzuG,Us8,qp,7FIe9,YOt9m5axo,-5724,8h,-883.937,2017-01-21 19:39:48,2020-05-03 18:02:18
446,DRc64kkM,1994-11-01 14:03:48,9PLDFw,ZEm,DlNL8Z,Q,4nIYtc1,2478,BaVhaq3CF,9616.33,1976-10-07 17:56:44,2037-01-03 01:31:22
447,4LIHX4,1980-10-13 15:44:41,0eLgxwDQ,nmRdtQK,eSYtlvSeT,E5jXln5,dXCxGKFmFN,6210,2iVLU,2690.64,1988-07-04 03:06:43,2020-04-22 10:47:31
448,KPv7INX,1986-04-06 15:31:47,Kf69KMGct,1ooeT,L2j,NR,v3R8,1839,T2WTxdbB,-9087.64,2049-04-15 00:35:48,2019-02-27 08:28:14
449,A1CQbCota,2045-12-13 13:21:02,v65,RCNVHIlcr,BbLmOsMd0,ddALC,DMbZbYvQ8,1580,5a8L,6302.1,2034-04-22 10:55:20,2057-05-11 19:28:01
450,Ejb7iF,2069-01-01 13:38:08,f7fL2S4Un,AliE8bKTI,t8mLt,i,0E,-5450,5T,7361.21,2058-10-12 01:13:30,2012-09-06 14:50:51
451,Q9LQ,2018-02-23 02:14:42,cUc7o,w,IB2,07k97J,af5Nu3,-2654,nfCWxpi,2857.53,2045-01-23 16:08:22,1987-06-14 03:52:41
452,z8jZHM117P,1994-07-29 12:38:36,zNbBsqyOI,41UAWHaR,4,Rse0Mo,UrQlE,-3064,d4yH5ZZj,-1815.88,2021-06-08 04:46:27,2043-04-09 05:20:27
453,3klPPc,1995-09-26 10:34:21,5m94IoY8aR,n,W,SjOkeoV,vKuPk,4810,rZ1c6,-1439.89,1975-02-14 13:13:38,2014-07-01 07:37:26
454,PjwSz0Ya,2039-10-06 14:40:01,HfduQ0Q8,6RuN,Ut1cO,OWyTDp,scItTiWdR,-5327,p7Gt1W5y,-2164.77,1971-09-24 05:53:16,2002-02-06 02:34:37
455,Diesdw69,1970-12-20 10:30:25,kBi,woltigZf,QjfvsI,MwO4i4l,5YVHA,1122,tI,-4290.48,1985-12-02 22:51:39,1975-06-11 23:44:37
456,pbwOR9,2057-09-04 20:22:30,qczTsqh0VJ,r3W4lxLF,CjJvXyMaj,txmPe0Mt0,lWtfnBvKqf,7568,E0Jn8,5839.33,1984-10-20 17:55:00,2036-06-01 13:42:14
457,K0,2065-04-22 08:00:06,ZEnakBpZAJ,W,vnjw,uN24k,M,-625,vga1UMaEw6,-1721.79,1995-02-05 18:26:35,2048-05-20 15:46:10
458,CQTXI22Fem,2060-06-23 21:59:20,bVAffZieZ,QBYO4EqW,ahPEqhi,XamPDhOQ,g3l,-1485,Br4Xpd6cJ,553.051,2042-05-07 20:21:20,2004-07-11 17:25:58
459,v2e3XSfd,2053-11-08 15:39:20,UDzb0,b71E1Pqnae,myd2XrwWox,hE,HMJZIOMzO,4111,wJ,9505,2068-12-21 00:35:01,2013-10-02 20:22:10
460,lCv0mc1WM8,2042-01-03 00:40:15,W,f2iUsgS1ST,Zk3iH,trFsgd,6Sk,5572,t7bmqYP,-1145.86,2003-06-20 09:02:59,1998-08-28 17:20:29
461,m,2051-01-08 21:44:35,ToZy1,9hccSTG,ujo7UMlm0Y,MhYd,W5GSAmc0,-1562,hnMBTod,-5743.47,2034-12-02 20:48:13,2025-09-27 06:17:36
462,kZCMDS,2037-03-06 10:56:27,kqZa,dNfY,IgsZs,miAWlz1P,E69av8,-8954,48DOaX5QAj,-5802.74,2032-03-08 06:08:59,1992-06-06 11:34:03
463,h9eyW,2067-11-04 00:02:47,W93O6dAOF0,YpAh1a3,JME62pp,fbHJ0,M,-9969,P9QUyw1Uo3,-188.847,2060-07-16 06:11:27,2045-10-19 06:19:14
464,V5dV6MkK,2011-12-04 09:47:29,Xe2yb,x2hDzs,wsev5E63m,vSv7,6DJEZPf8,5195,OurhbVT,-194.292,2043-09-23 22:42:02,2036-04-23 22:23:01
465,6rbDhXfith,2017-03-31 01:12:22,203,jFD,PETf8,RDyQ,ubGLtu,8050,Kh8p07SbU4,3145.84,1986-12-11 16:32:44,2030-01-17 18:05:30
466,sWW,1977-06-12 21:16:00,Ywdi,h2S3J4gEdt,c5BZYHf7,1qj,r,-5431,02HOwwjl,-5058.87,1984-01-15 03:01:12,2017-08-24 15:36:05
467,z2Ea9a,1974-11-19 07:20:45,O8mJDjdx,XeM5,Gy,47UgHGKgk,pnR,-8724,hLdcDVQ4T,2910.94,2045-05-09 05:31:55,2015-03-12 11:12:23
468,riQSRgtq,2064-01-01 23:57:07,qEd,ZHoHO,8,PQ2g,w,2722,e,9809.41,1982-12-14 11:18:37,2052-10-16 16:46:56
469,FDkFZ9D4j,1987-03-03 02:53:23,1,C,U,W,5c,-68,M9jHnyqay9,-8814.93,1978-09-25 23:22:43,2064-01-13 07:25:36
470,FElXEZsHi,2022-07-25 14:46:45,RR9W,CO0j,0wArR,w0M,X2,6225,0vTiUFE0N1,-8785.84,2004-10-08 09:18:57,1988-11-20 22:51:40
471,ZXUUn6XxVD,2039-02-20 17:31:36,iQ,CmPD,8yv,ZZLOMB,NAvzjclJ,3611,nSvCBnCsa,5321.56,1992-11-09 15:54:26,1999-01-24 07:01:34
472,4H6m,2064-12-15 13:32:05,bC,sJ0bJ5X,ZOSkl,jrBd,K,3061,T3uu7W,3369.06,1998-10-17 13:37:24,1981-04-02 07:04:13
473,CkQHhK4J4X,1974-02-03 05:07:47,Di,bWC15BvcD,45s,4z666ucb,MkB,8615,juttOFrsYQ,6476.95,2047-07-01 02:18:36,2002-03-16 13:16:17
474,WoHyiaHdfl,1972-04-21 05:07:22,xDFnBLP,W,PAxtKm,NF,ZbWZPgixXV,-5469,tGVFu8,3212.19,1994-09-04 09:53:01,2057-12-03 19:02:55
475,sJx5P07i,2061-02-02 01:49:47,HhNFroLmfC,WxlVPgAQ,e48kFCc,7725zb,9N,-8774,a,7227.73,1983-02-09 15:59:18,2060-08-04 21:08:00
476,L7ZK,2048-02-29 04:02:15,8a,8,UxjIScg0j,Mv,2d1d,-4899,jT8O,-2967.53,2023-11-16 08:06:38,2055-10-26 03:30:06
477,g7QqL3G3R,1977-05-09 12:41:24,AH3,FpOtia7PG,hfkRd1siy,57j5io8UiH,qEKe,6150,omMiPNsUC,1536.17,2034-11-21 15:18:40,2039-07-23 20:18:07
478,IvVRJD,2005-07-28 08:42:23,KQGH,08,mRkbKw,8Qje,suMO,6130,EH7HH7,-2045.42,1972-03-31 06:39:42,2000-04-10 20:08:24
479,ai,1995-09-06 08:20:13,clBZ7JFXBI,XMWcRLr,lLM,MugPKUHLVr,WQRxuqE,-7312,5kw5lZ0T0,-1363.94,2023-01-09 06:49:16,2014-05-25 18:35:43
480,pWhmGWk,2013-11-04 08:10:55,NTp,xc6,P,GtKySmH,Jvm5QCe,-9067,r3epwcR,-2593.74,2037-01-24 00:40:02,1989-06-27 04:32:14
481,5STQMT,2023-08-01 03:21:17,JdqzTVy,qMWtgH4Mb,5,F,8jAqiprgI,-1993,E,-5468.02,2001-06-17 13:26:54,2068-03-19 01:41:31
482,qx,1992-08-20 09:33:29,9,3vS2HZ5,n,XSWd7BlHYS,n,-4839,9QS49O3v4B,-6627.21,2005-10-25 11:29:59,2033-05-14 17:02:03
483,0rQ,1988-01-30 01:33:12,r7HibUdC,v48rUlbhxh,JC,3phMWaJ4,pnSg2hZ,-3080,VW0eOzd,7194.34,2031-12-12 08:51:00,2028-09-04 03:20:11
484,a,2014-08-10 19:18:56,ZFqFG,fTif,Fx5qSALi,ZCdD,b5c,5417,QrT,-1777.02,1999-01-27 15:34:34,2024-02-21 22:54:10
485,BvU,1995-01-17 07:03:33,7z4,b,YSxfqK,Yv,cp084Ibq,8650,Qh3CYiR2Nd,-3600.97,2046-08-30 06:07:51,2006-05-08 06:44:42
486,94ltOuz,2060-01-06 17:12:28,qv,hBM9T0c,HE,bZ2L,MGn9KED,199,Rg,7850.56,2052-07-28 15:47:26,2061-06-17 19:46:31
487,1U2APZDnMW,2002-07-27 10:36:16,EBabc0R0,GguCz,34Nmuf75,dw11IbI,lxnfaWb,1392,Dq8DA5Sfe6,8010.62,2011-01-29 18:06:06,2037-07-08 19:31:25
488,4VTB,2067-06-16 18:43:06,mcv,hUz4H,idq,71S,1KC4H,-1940,cPYkuW,5606.05,2044-03-28 18:36:50,1979-06-14 14:10:28
489,6,2022-11-24 16:40:19,Q6JMFpQM,JtDeVSC9,YySlGo,U6HrTSr9AD,ITfGJbTkoF,-6508,85PKZUJx,7548.2,1992-10-18 04:36:57,1975-12-30 13:14:27
490,CCJ,1975-11-09 03:27:19,7Z,rCUQCT3,TP0Be,IVF1E1,oIv3zn8m,-8378,xA,7013.22,1986-10-01 06:34:55,1985-06-21 05:22:24
491,U,2015-02-15 13:29:49,CIVX5iA0,r3,rOQvY2,5u5WMbZQ,IF,4188,Ne3YB,-6786.81,2018-08-19 04:54:29,2051-09-11 04:57:32
492,xh6,2014-03-20 08:56:51,cD,fTQ3XzMw,PQ,imJhX,tfLJOuU1e,4805,BH4P3,3118.24,2032-12-22 06:14:39,1997-05-18 15:08:31
493,Vl5p,1972-09-04 14:16:15,lYS,C37Jeibr,qo4TaRDPH,1POngANhx,P8wlEDDZZ,-7044,K,5720.31,1988-12-12 19:50:45,2021-12-03 05:54:30
494,ADJBkhYc,2012-07-23 04:21:44,vuKuMnRGzT,rutsPLJXf,3g1Tzs,4j9exAt,igWSVS,2170,lHAVNXc,-2222.53,2042-11-08 07:17:51,1979-08-20 22:24:26
495,MB3T,2058-06-11 00:48:10,okh,3qE0PUG8,pPIfxPVXxt,zPecO3Jl,HsY,-1130,5,7355.29,2024-10-31 20:36:00,2001-07-25 03:39:14
496,qjZ8K,2021-06-22 01:33:34,qKaAVs,rlrymdE,4fT,M3q,z66I0Pv,44,tqfRc,-89.9218,1972-10-09 08:52:32,2021-12-10 07:39:53
497,Kw6P,2069-12-02 16:29:13,1HYS34eJu,3UQaRt,3uPVC4,FlJ02M,4OPz435d,-3140,IkFer,6320.92,2044-07-22 02:06:33,1993-03-10 13:08:54
498,LgzW1ouV4S,2012-10-16 17:07:26,FM18X,gg8s9ALB,q,a2c9SFoP,LHh,3050,S,-3635.65,1988-04-24 20:23:17,2011-09-25 10:04:14
499,r4my1cTcN,1981-01-05 10:28:25,7Hf5FeAC,peiiJR,2,lnyOI7iO,I,-3865,R,-4204.41,1971-03-26 13:50:56,2021-07-21 07:03:29
