id,Code,Name,Date
0,mKwb0boMAT,AE,2012-03-08 22:55:09
1,TADa6G6ViK,pjbj9vaeP,2057-05-14 13:53:13
2,wkX11,lTsXN,2053-04-15 06:38:52
3,pjB,4M,2034-11-25 06:56:24
4,b8,gfyqUmeRJz,2032-06-25 21:05:36
5,c13pmS7,drg,2040-02-22 06:49:26
6,vKV,W1ddt6ptRA,2048-01-17 10:33:27
7,W42vCRmC,IL6g,2067-06-02 06:51:14
8,XR7pgRq,LfHWzBh,1983-08-22 20:26:23
9,WAf,C45l1,2049-01-13 16:19:52
10,zQ,2,2002-04-22 14:03:03
11,km4xHhbIWu,f0V,2021-02-27 10:46:33
12,qggTkptqwF,CdbY,2068-12-20 03:01:42
13,s,fk5tI95sgA,2001-05-08 06:50:25
14,eLq0PasnB,HF,1986-08-16 22:09:12
15,9veKflnv,9DZ,2024-01-21 20:10:31
16,rBjz,Be,2005-10-16 14:57:20
17,XRqSpWHfT,HDlZWbzj9,2019-12-03 14:38:37
18,m6wUmf,W7sBgW,2050-10-13 02:07:04
19,VcMcfhEOL,m9IphXwgyB,2012-04-28 07:12:18
20,aDQpJtyn,zw88ac,2013-08-29 17:03:57
21,ofwc,9fJkQKM2n7,1976-09-27 16:35:38
22,PAsXjDqx,9op5y6BHHZ,2045-03-10 14:55:44
23,kN,oRRS1cGj,2022-05-30 10:28:23
24,p5H9fMhgw,C4Y,2002-04-10 15:22:26
25,IGG0KgO,Ufbx,1979-07-11 05:38:00
26,ywSo,6IHcM,2051-12-10 12:08:00
27,lVxuM7,te,1981-12-12 21:20:02
28,WIy68,jDla,1997-12-17 15:19:03
29,O,RHW69S7F,2045-04-29 18:32:04
30,W,KiqhqGA2,2043-07-18 19:00:28
31,yS47qs,v7rfl,2068-10-20 13:01:48
32,ozuDqZF,Cc4e,2068-01-05 18:27:52
33,bX4g5SXu0l,on,2001-12-07 20:48:37
34,SH,k,1980-02-18 03:10:00
35,Urigvmzc,Eh,2053-07-18 21:18:35
36,W0jsxfDp0t,rFpA,2029-02-15 04:02:20
37,FSlfn,lb2BKzyKfA,2023-09-14 23:14:29
38,Ikx,Obu8SOtl,2063-12-07 18:49:22
39,5i3gS,KAgNp7m7v,2059-07-31 00:37:01
40,tI,HxgCq39,2046-05-06 14:17:22
41,NQNb,ucbz,2010-01-21 06:09:55
42,zBnt,j8WA,2028-01-15 18:29:19
43,FrkWqNW9,kn0B3PZ,1970-03-28 09:43:08
44,M,Qi35tCwY,1982-02-14 00:03:05
45,U,djgIV4,2064-01-19 22:12:24
46,7VbxLLjjFb,rAjZv0KmWC,1986-08-07 10:47:02
47,PO,v9miM,2004-06-04 21:58:44
48,137,7WwIK,2042-12-02 08:18:10
49,5,vIUv,2027-01-12 06:51:53
50,Hs3xK,JASIF,2028-06-14 12:07:21
51,zXebpJ,D4NN7mRO,2009-05-19 13:15:21
52,X349Hi5fs,p2GRKVMm,2020-10-13 22:25:01
53,0S0nPjSzT6,ys3,2050-03-16 19:03:15
54,Y6XC9,ufWIV,1971-01-15 04:08:36
55,ufJ,HOU,1985-10-25 20:53:30
56,I,MCowW1R,1973-05-08 05:07:33
57,DH,0J2up4FQF,2046-07-19 18:29:26
58,dBRKO6nKcO,t2sfCCY,2057-06-11 06:55:08
59,VsdhP,coM9K3Ay,2038-06-13 20:48:49
60,bD71KH,KK8FRqDS3q,2032-05-22 08:32:40
61,u,fLuO38Vr,2024-01-22 06:58:29
62,R8xOfnkyTy,z,2057-06-17 21:11:39
63,3k,rO,2064-08-20 04:16:58
64,lKSqB16,73s,2027-04-25 08:42:28
65,sepLn9C1hU,uaNPKpH7pM,1992-01-19 21:04:45
66,cQ,3US5F,2015-12-05 11:16:14
67,4,4viV9Ia,1986-05-04 12:39:57
68,cS,RQOxrto,2001-02-25 02:09:08
69,lvwHOwqb,CVEexC,2011-10-13 02:17:23
70,vYHupYgCpQ,xX7oq,1999-11-17 21:46:30
71,y,pUtcCOWeMJ,2005-07-10 20:32:51
72,mZ,jU4Kas2Z5g,2023-05-26 00:16:36
73,krQ3ry,4Gpm,2006-10-07 09:33:46
74,MCXNVfIx,xq7Ob,2032-08-17 16:50:41
75,PaGJUkQU6,xl2iIi,2033-05-10 02:19:16
76,NiFm68Ok,JcW4,2069-06-09 12:15:50
77,F4Ua,9gw,2066-09-16 11:32:48
78,XD,sO,1986-06-28 09:59:06
79,5a,aX,2001-07-14 08:18:11
80,b5ejybJdT,t,2057-10-22 07:52:14
81,dmirc,fZCw,1994-09-24 07:17:10
82,fBDg0iY2,RPVxEtd4AJ,1991-12-05 11:27:35
83,KnHN3XIL,ioXO4Y,1994-06-21 04:12:55
84,wY,xEAH,2048-05-17 08:26:06
85,Nri,6owlp,2044-09-02 19:53:32
86,PkD5ElzsW,oyo2DEgCRv,1988-11-27 20:23:20
87,Jdtv,p,2042-01-08 15:38:18
88,0,Ha,2020-04-10 22:49:30
89,tnVVfH61Hm,CNILA,1976-03-25 20:37:44
90,BiMv9aS,s9ThoI,1994-10-08 01:55:10
91,Ot45,k4,1994-01-05 15:17:26
92,rYqcTlTHy,f5KJ1YkIE,2012-04-18 07:52:11
93,6tIzvOi,W9A,1982-10-22 08:15:49
94,63cP5GPv,zgOBaZ1aS3,2030-01-29 18:26:10
95,sz,jw2LX,2026-03-27 19:34:45
96,R,QMqH,2060-06-27 17:20:42
97,0dQf,X,1999-07-12 04:22:26
98,F1,u5QxEj7n,2040-02-15 01:30:35
99,iiD,qhB,2057-06-10 22:54:57
100,ncHvp1Hn1,0ipnr,2015-01-05 22:36:16
101,35wobO4p,E21XlfQdnp,1976-01-01 09:31:49
102,l,Y9XptDzl,1989-05-07 18:44:38
103,6XT85ff9,D0l8qT9q5F,2044-09-18 12:02:41
104,K,WwFwhVhv,2067-10-27 09:35:04
105,Ih,F4gkHBmQ9,2039-08-28 14:51:03
106,yrPVxl,I7GS,2058-02-13 22:37:18
107,n0K,2,2012-05-06 20:43:43
108,3vOI2n8Jzh,AMSY3P,1988-03-27 16:37:17
109,yqBwt,R9,1997-03-19 09:59:31
110,4LMWJtjo6,9pw,2042-11-13 14:54:46
111,rZ,nUmlOk,1981-07-04 03:29:09
112,3PfOtLPeHQ,Us6np,2037-02-18 23:27:40
113,Hm5V87XgK,ZSAty,2048-01-28 02:55:24
114,LNi,gom6CSpKTm,1991-01-24 20:19:08
115,6HJAmV,SMz2egfh,1989-12-17 15:58:11
116,jwW0Av,4NaYJJrPJ,2066-07-10 22:53:18
117,Zq6hRMD,t43EDtV,1993-10-02 15:55:09
118,abH,1eyM2,2035-11-04 21:10:38
119,9JzMOgdgp,Upjo,2006-11-08 04:27:06
120,p,btH,2000-05-06 16:59:43
121,owDiY19,RYo,2013-08-02 07:38:57
122,564C,yohe1v4,1986-10-05 20:41:39
123,LnYx8y3D,pVE7ygQeZ,1994-04-24 18:53:30
124,jZd,bgOJPwAaP,2003-05-01 13:40:52
125,wWq1,cS0,1979-11-10 00:57:58
126,EFruNT,N2yN,1978-01-12 01:46:13
127,O1Y4sCWTC,vfb5,2038-01-06 00:19:24
128,aQd,26i,1989-09-21 01:56:20
129,e6F,V,2035-04-30 12:06:48
130,j05,n7XaRr8hY,2056-02-21 12:47:13
131,iJXISb2GV,H,2048-10-09 00:01:53
132,fyKd,RIKeYjT,1975-01-17 21:35:02
133,YBpR,hV6Ao8t0,1978-07-03 19:01:38
134,aUMmkoGe,97sRA,2065-09-24 04:32:34
135,YNI,w1,1985-10-02 10:34:07
136,qfhPTRpffZ,msd6zu2,2058-06-26 01:14:28
137,ZbPHZgolo,F7l7,2045-07-19 09:44:58
138,96,tjC0ladee,2047-06-13 20:41:14
139,5aG,F0,2055-12-02 18:38:59
140,R32m,Ixum,1976-05-05 10:26:12
141,v75GE,QckSKg,2046-09-15 09:45:32
142,NKA,HKWhsK8,1979-06-27 23:08:46
143,V,IZn5nZh,2040-05-26 16:48:36
144,VU162fhNH,ecuRs,2030-01-26 06:07:32
145,IKX,GvtPf4,1970-08-04 22:17:25
146,OTm,22BE,2051-12-05 10:08:26
147,qZCC,Asg,2030-09-05 06:35:37
148,3d9Ne,12Th7B5X,1982-05-20 01:01:24
149,Yd,R5SBYr,2024-10-01 11:20:20
150,bD25zI32po,H,1983-05-12 05:10:31
151,ZrgMN,T,2005-12-29 16:39:03
152,uDMgL8D0c,2kj,1987-10-06 08:16:10
153,BDd5QwO8GQ,X1YpzxoN,2069-12-04 09:34:53
154,INgk2fCxvr,X4ym,2068-07-01 21:01:13
155,kn,1A,2065-10-29 14:17:13
156,Hhe5hQPI3n,zfBthva3Bm,2018-03-18 11:22:14
157,LrsHiXMkk,TT,1979-07-04 00:21:27
158,i,Up6RT1kG,2055-03-16 10:08:40
159,AFtBSAo,f23w2p1c,2021-07-30 15:17:01
160,Hxg8Ldz,DVru9,2033-06-28 05:39:03
161,EOU16u2zk,Q2lwR9T0,2032-03-21 12:40:13
162,RdIyhr,7q1vFt6jqK,1973-01-04 05:39:42
163,1BRWgnnO5l,vjc22,2042-09-12 08:05:24
164,Q,31PUcHc506,2002-11-13 05:22:10
165,8T,y2GoP,2044-07-15 19:01:25
166,wU,Xrkklbh,2056-12-07 01:28:21
167,kwqey,ASI,2039-03-06 20:48:11
168,JtzygG,sXL,2043-08-31 07:37:46
169,riJ,oDdfYYq5,1982-09-29 18:19:34
170,aAGUWL,F9jEx,2030-02-18 16:31:46
171,yZG7,kHhD,1974-09-03 17:03:48
172,WSJ,9,2063-12-18 01:39:08
173,Mtn7k6x6,VBoE,1974-09-22 00:41:24
174,nsU,Teq,1980-12-16 05:29:58
175,VBwUYIANVs,8QpUg,2042-04-09 10:10:20
176,F5D81cl1Z,6Bd,2009-12-04 16:46:00
177,A3gsr4W,ZGqmp6OQ,1991-02-18 16:00:53
178,YEvFWqYu,y,2018-05-17 18:14:28
179,x4L,iIHX,2006-12-23 18:24:51
180,n8,BYiMj3MpK,1972-09-28 18:50:11
181,F,YMVKWeAi,2027-03-28 03:15:19
182,UTp,QXaG,1975-03-05 10:14:07
183,Z,l8PKHee,1995-01-02 08:58:39
184,WSGSG3aK9k,lDGa6Ff,2033-11-20 00:51:41
185,Jws,sFOFcoD,2046-03-10 00:52:19
186,2baj,srCo3xphuW,2009-08-17 23:12:46
187,POy0wV,SRyipiMMwU,1982-07-03 02:29:43
188,Pg2Hw,ApfQ,2064-04-24 10:02:10
189,3OBtyn,2Krpsy,2050-01-01 11:58:57
190,Slkk,FlVYwuM,2030-05-13 18:13:17
191,O2Q4eaKj,6,1978-05-11 09:46:24
192,ztjk1ucCe,5J,2048-09-11 22:29:11
193,7ebCsSBMP0,TiIyTs,1987-12-18 08:17:35
194,6hZpRb,AOGRPyW,2001-04-05 09:43:38
195,9fUz6rN4O,2,2052-08-27 17:15:01
196,KDAlo9hAz,q,2038-03-07 19:36:47
197,CI,ouUsp,2045-06-19 08:32:04
198,9B7Rc7,oI,2034-02-26 04:29:40
199,zXpmk4,XseF3ss0,2044-04-19 19:50:41
200,ooUkhA,M0gvDvkIa,2028-01-17 08:56:31
201,6,JNgVFMc,2058-04-27 02:55:22
202,l6TNf,UzlnkObon,2042-11-01 21:07:03
203,V,sLruOV8DS1,2004-10-30 04:15:08
204,ar31Yu,dfEGFmyC,2065-11-15 08:00:51
205,Of2O,7hYihKnV0I,2052-10-05 15:26:50
206,GmBoA8z,ES65NCso,2024-08-26 19:37:41
207,BNHJya0ou,t,1980-04-04 05:05:48
208,f0,mq5QQ4,2050-10-31 16:17:18
209,fFeS6y,uMOmlJA,2020-10-23 06:17:24
210,ciCq,UN7UA,2036-12-29 15:15:50
211,wVl3UrKBh,FkKqew,2054-05-21 07:26:06
212,2nvJ2XC,1c,1984-09-27 15:12:59
213,HGKznjjR,FIR7KIBAz,2002-04-22 20:02:15
214,Nrj,Hs4bJXm,2011-03-26 11:53:48
215,4pvsanl,5yl6K9Mp,2002-10-16 12:38:00
216,bqYdY4Dw,a,2044-07-17 13:01:13
217,micI,ba1lu6t,2008-02-20 15:31:07
218,cP0E1Wg,IukLS3T6pt,2030-04-27 14:37:08
219,T1h6q,y8oZrq,1995-10-19 15:34:12
220,Y40KZue,f4vSLkZXAg,1986-11-17 09:31:58
221,N2h,D,2064-09-18 14:19:31
222,wcNXo,TV,1975-12-23 07:24:07
223,U5,u8oSMG,2004-12-01 03:13:12
224,BFtkAnje,v6dB,1994-01-24 08:36:54
225,e,BzgCT7t,1998-07-02 13:50:35
226,vpp7fzA0c,WvHuCy7oYF,2051-06-10 22:11:17
227,xDDyfy,JUhiTMKR,2054-08-03 14:27:35
228,kJc0J0Og2,muLfNNjN,2036-05-04 13:49:49
229,afkaAO,VL6,1986-01-21 01:34:08
230,Mzz,COQpQG,2011-03-06 07:31:27
231,lwhT,CevOB4nErk,2051-08-23 18:41:29
232,GzSRTu,8ID4m,2035-02-16 14:25:18
233,vwU8ls6gQ,hl,1978-08-21 07:40:29
234,yd,7S,1978-10-21 21:15:42
235,UjUzYc,udW,1986-06-15 13:15:16
236,738on,vvnR,2061-05-03 07:52:27
237,pT8bmtBejv,qWaYk5,2027-05-02 17:53:34
238,5Hud1,ER8s2LnN,2064-12-16 20:59:45
239,643hU5,lAg6H78,1974-12-20 22:22:35
240,tgTa,9i95u5bN,2042-04-18 01:41:41
241,zOxmS,lJr,1976-06-17 12:16:49
242,1,KKKISW,1972-08-21 04:28:19
243,WKiNQVkmOX,y,2057-10-14 04:51:54
244,O,sIsiOFkiI,2022-10-28 23:05:50
245,ifWo,DcwCYE8P,2036-11-09 08:25:46
246,NLMSs,lfv,2061-07-05 07:48:53
247,0OtzYQ,on1NXx,1985-06-27 11:44:14
248,M8,TtK,2061-03-21 01:41:00
249,8jvqUW,4m4m7,1992-03-31 23:53:21
250,Io2VYrGkk,iII,2028-04-05 20:39:46
251,1sRMH2p8ja,4PCoI2,1973-10-19 08:50:47
252,8kc,2AivUDPgdV,1973-07-12 15:17:28
253,c,OtlBU4Qdz,2025-12-20 17:48:33
254,F,lJ,2007-08-28 14:42:01
255,QF,DGA0Q,1998-06-14 15:12:15
256,2CB,L,1995-12-13 18:09:59
257,pYh9p5D7j,YG,1981-06-08 08:59:04
258,G1lAtr61t,gpQgszTtS,2061-01-09 15:16:37
259,GXgl2uY4E,cBgbi,1992-09-08 04:49:10
260,f,s89,1996-04-29 04:50:21
261,1fUjd2tCDR,FgeYVU,2038-04-24 09:26:56
262,GKWnba8T,In,1990-04-21 21:26:33
263,01tBU6,OALAJ3I,1980-07-06 08:58:00
264,nE6O,Z0I2N,2059-10-02 10:58:28
265,K4SI,jOOiCZOGq5,2012-11-10 01:19:28
266,Kqkh9quaOU,Onk,2030-02-21 14:13:56
267,X28EMdAtPg,j,1993-11-02 07:34:24
268,H,JzJzrxrP2,2065-02-22 06:51:59
269,8,Bf1HU,1996-07-16 18:30:36
270,6c6KViP68A,CEoS,2016-10-08 08:43:25
271,K,gL,1991-03-27 20:44:12
272,bw,T,2029-06-01 07:04:56
273,aTeRVgaWzy,Kvj0IpzEVJ,2045-07-17 20:44:51
274,4L45WyLG,DNqRJwkff,2021-11-17 06:36:51
275,dCX3PEKDK,DUF8hy4N,1986-05-18 05:21:15
276,qV,83szrq6nc,2032-10-23 14:01:19
277,7,2uLZ,2055-07-23 14:35:33
278,312Kw,Fv7,2033-09-08 11:05:37
279,xu3OmlPHC,M5Ey51tmz2,1996-08-13 14:53:07
280,Wzw4DEST3,dhDGgpoNr,2029-09-18 18:53:31
281,Tbt,TESu,2029-01-03 02:32:34
282,w9,r,2009-07-02 02:05:35
283,8i8,rH4ZS,2009-12-26 07:24:07
284,dekF1dhx,oGCqk,2017-05-26 00:30:48
285,OhkbO,HOx9,1982-01-27 03:22:54
286,ciVqY,v,1991-04-25 10:55:55
287,K7HZJtno,k4DseY51r,2059-03-21 15:34:03
288,NrhUHot,Sb11t69,2061-06-29 18:27:43
289,GZSt,Q,2035-06-05 02:31:23
290,Zla9Ucl7,WY,1995-02-18 20:19:22
291,pttk,gPDhe8HA,2069-06-07 06:58:20
292,Eh,RTmSZY,2002-03-15 08:21:36
293,4s,F,2066-01-27 12:25:21
294,WC,6C,2021-11-01 14:36:36
295,LBFK,Dx00aUP4G,2012-02-20 08:15:27
296,GZ,c7aueH5S,2049-07-08 08:23:44
297,tbRG,1P4j,2009-07-06 14:08:38
298,QO,bZp11Unf,1997-04-29 12:54:30
299,ASP1j,A8,1995-01-24 19:59:01
300,m6v33uwf,E7EeCJB,2058-02-02 04:18:13
301,BPpDN1,9DVrd,2066-04-26 20:36:30
302,dt9ca9JFtZ,q8t,1997-03-07 01:46:13
303,z0Ns1HU1f,QJILX,2019-04-01 08:21:21
304,pixqLCMds,J2RJLd,2022-11-07 07:56:10
305,M7yqU,uc,1981-05-09 18:03:41
306,9pIzS34zcW,8Xxh5,2049-04-27 08:14:16
307,MJdIMMSD,KXIzz,2021-01-29 11:29:00
308,KyaTkh6rCB,d2,2000-06-14 15:03:00
309,SJ,E4ofTcQZN,2024-12-07 12:56:58
310,M9f82IQrkr,3CkmIj3a,2016-04-04 22:22:13
311,M,lcYT15,2000-03-17 14:04:24
312,8,MZ8d,2061-03-14 05:33:03
313,lJI2,gyi,1971-01-08 16:53:22
314,oUZBMXgAR,yoyEKDN,2054-04-07 16:52:44
315,u8HUo5,nlwFZ7wlZb,2060-10-08 22:45:01
316,g6,Y9JME9btZK,2037-08-21 21:55:04
317,FJv,bj,2065-01-08 16:24:30
318,c2Ne36,eMqjD1jQ,1998-07-14 12:12:25
319,wzztajH,Erw6C,2034-10-11 13:27:45
320,JmPk,2pEs,1978-05-19 01:18:26
321,QZNp0j,4thpdC1v,2005-10-12 12:03:01
322,lw,PC9,1990-02-27 19:30:47
323,JDTra6t,HPRzKtUV,2055-06-27 23:50:34
324,nh,8c,1980-02-26 02:01:26
325,7yH,XfocDxE,1987-04-29 17:52:52
326,sI,YagMx3P,2044-05-28 04:30:32
327,LCA,qgoltIotmo,1979-07-04 15:10:55
328,SblBwizYgW,2bg6yLmJ,2056-10-27 20:41:54
329,GYmM8TPQB,HB2D7V,2005-06-13 04:56:54
330,BS,W7vH,1991-09-25 02:13:54
331,40Zju8dPn,O58xKBC,2050-09-25 12:39:48
332,Mc7J5Sgd,3YXYXguE,1984-08-04 01:08:33
333,UmWDR,u4rxY1WvVr,2022-06-17 11:34:22
334,sAo4R49,mTAqk,2050-08-08 05:06:45
335,o2pB97d,0HyM,1998-03-08 06:30:02
336,J0,RG49bm,2012-08-18 05:41:01
337,9k8ia1JQt,IhIBjm7E1,2060-08-21 16:51:38
338,bQOa3Pn,W0Y3WHg3C,2060-05-30 22:27:37
339,02,c,1992-12-27 20:25:26
340,7pd,5RV2C4x,2060-02-13 05:43:14
341,id2,bSqC,1991-09-06 17:28:17
342,N5pDTQi,HEt,1986-06-22 03:07:38
343,NPKIE,VBi4,1971-04-06 12:35:08
344,6Sf2Yi,BWj5yP,1989-01-23 05:38:59
345,qPD7,d7SeL2imtV,2024-05-13 03:54:49
346,EgXnT,f8ec7lXiS,2060-02-23 15:29:30
347,Ds3HooW,EBV88A,2058-02-10 15:25:21
348,WrG,g,2028-09-16 09:28:53
349,5obPQg,AJ,2015-07-30 15:50:17
350,fVmNpK0TKX,pzQ6OLu,2031-03-20 10:53:40
351,6HyUo6Mf,7HriFIoO,1989-10-31 08:23:29
352,uBDO,vex2Wa,1977-10-21 19:45:46
353,qLC,JcTU,1991-06-19 19:18:47
354,d7E,M,2004-03-28 02:33:05
355,d9ACw2pN,CwbPdB,1986-08-22 08:04:30
356,ICh47y,YrLwhz,2012-04-26 06:48:30
357,mszhSFQ,VfnlN,2047-07-11 22:44:20
358,nicMFE,xp,2018-01-09 06:07:53
359,C70rC0,vRmOkIo9g,2000-05-14 06:39:29
360,54FZnHEN,mQj15,1981-06-13 18:36:07
361,3KOeOwLN9,hKI,2035-05-06 01:03:35
362,lsAG9,n,2060-08-30 06:17:29
363,GJwI6q,EkEQ5,2063-04-29 16:59:12
364,F6v,mj,2003-03-11 21:53:38
365,8,h,2016-09-20 02:19:13
366,rm93Y,F7lKT,2018-02-15 22:10:52
367,h,6,2013-04-24 19:25:04
368,vBCG,thIMT2H,1996-06-19 15:21:34
369,Njp1RrR7EO,KSkQpugOx,1970-06-16 12:32:44
370,OKUzVJ,IF400T,2024-08-30 11:45:32
371,MW6,5sV,1987-11-21 13:09:13
372,vViNVkVGy,tO4iTls0oa,1975-02-06 02:54:42
373,1Tck,PSX0d9T,1987-09-07 09:16:55
374,cnsCa,Iih75a43Uf,2005-12-21 08:42:19
375,JT7Vm,Yv,2028-12-04 13:29:49
376,z,eFcrxG2Dth,1975-12-19 17:12:17
377,NBQQZbv,9Fevh,1980-03-07 10:43:46
378,bhPI4,MPv7,2045-06-29 10:22:50
379,S7SN,KFc2k7EKLm,2039-08-26 15:48:06
380,7sq,wo1D4,2009-05-27 18:21:29
381,ATUExj,TF4FxKUd,2012-01-28 14:42:20
382,mxoMr,aBBYOJ,2009-11-21 21:38:37
383,oTqpNbp,FwIeXo4,1973-10-11 21:43:49
384,H6TJ,7,1997-02-15 10:53:16
385,8A8kP,Vt,2039-07-10 14:16:11
386,blqVq55Zr,xxNb,2042-05-26 00:26:36
387,1N5yCArFL,42fpK,2043-12-08 09:33:17
388,Y0m7c,E,1973-06-18 08:12:01
389,YNR7kNcwD,cIYQvEv0,1994-07-22 01:51:09
390,6aGM,g,2017-04-12 05:00:34
391,eNkuWoa,Pf39,2042-02-22 00:41:38
392,i9uxt8axv,IrclF,1988-08-20 14:03:00
393,FTFYKA,5,2044-06-30 19:29:29
394,wegqxSn9,fZ,1997-08-26 07:59:50
395,ekfWf,LsnkpVU,2036-02-25 07:56:54
396,l43LzY4X7,wtyaZc,2046-04-16 21:05:18
397,aOPx,EyM5c2V,2058-06-11 02:24:20
398,FvAk6,kW,1993-10-13 13:43:50
399,p0hCqOq8Ng,Xd,2027-01-27 09:39:12
400,K,4IM,1978-03-30 17:11:21
401,92I9,GcSC701qU1,1973-08-14 12:15:21
402,33B8XYy,GCJNCFZ,1993-01-30 12:29:10
403,Ad,i,1979-05-30 23:48:40
404,TzPbeQYUe,E62Z5dEF,2023-01-19 05:28:39
405,mMa7,B2tnVd,2057-05-21 06:18:01
406,LA,daguPQGX,2043-08-15 09:36:27
407,sdKNUC,DG,1979-04-17 15:29:14
408,4X5,4C,2062-11-12 16:46:45
409,DW3kzhm6oc,BHgLlU,2059-02-08 14:16:49
410,VWF,F,1985-09-02 10:58:15
411,HbyCqYaO6t,rN6nc8I,2022-11-02 18:30:50
412,OrQCtnRG,W,1995-02-18 23:06:04
413,45pH3C,dmsE,1971-12-15 08:43:25
414,wFryn,xownYAhm,2043-05-01 12:00:03
415,Zl7kd,Z8Y0oe,1998-02-11 21:20:43
416,b6JE,KJVHTl,2055-06-07 20:35:17
417,oUgB6FV,z2QdPhjyU,1998-04-11 18:26:42
418,LjmAvaWX69,u,2048-10-01 05:46:34
419,GrjAvsfRQs,4Wv,2057-02-17 14:33:39
420,xMMo14hx6,4T,2019-02-18 01:53:36
421,ajY1,JKV6i0V,1993-02-22 00:49:05
422,px3rmbg,oSlVOhq,2056-12-17 09:12:34
423,B,47T,1976-04-15 19:22:33
424,EX8,Jya4,2062-10-12 02:04:30
425,FYYmbIjRaQ,WQGzPp64,2069-10-27 20:32:30
426,LRwxYXQxRB,MBguOwMWz,2040-05-21 21:29:36
427,mjX327PBlS,KAbsHdSq,2001-07-22 12:38:38
428,gBuH1W,jiin,2042-10-23 07:30:30
429,VH499Zm7py,jhuyBsv5S4,2026-03-15 21:07:13
430,PDE5e6ayTQ,w6kL3ZRQS,2024-07-20 09:38:28
431,W7,DJJSCXmW2,1995-08-24 17:17:19
432,8uUhg2H,GGLeh0hrJB,2053-06-02 10:44:27
433,jdpWSe7aa,NR3Kj,2031-04-27 05:19:25
434,A,Q,2029-04-05 07:50:07
435,ggQ6GouRI,vhFhyTRC,1998-08-14 09:17:41
436,y,xm6,2053-03-01 20:33:41
437,I,n,1970-04-17 02:55:52
438,AmYKDUJ7j,KEGc2o,2028-05-07 02:24:06
439,T16,Ti,2019-01-10 02:21:10
440,ermdLncE,GZerCupt,2052-11-08 02:32:57
441,dWSDSoY2,Gu,2044-07-20 03:50:40
442,0,fR4wNd,2069-03-27 09:30:41
443,gRi4z,uKyXgdWB6P,2044-08-19 00:58:23
444,NiX0wyDvjy,Uw,1984-05-12 16:29:56
445,gTbJHIZyE,71igpbI17T,1984-06-22 22:45:50
446,6f4TEBGS,WEb,2060-01-21 23:48:39
447,1YLg0pzY,a3,2062-08-21 12:43:20
448,C2m,ypla6,1980-11-05 18:53:59
449,y5N7zLfc,j53cezpK7F,1979-06-20 22:12:49
450,3A6,8,2026-03-07 17:47:33
451,FLd63cA,tia8G,1978-08-26 19:51:03
452,i2oSfOoIPs,3COX,2034-11-02 19:44:19
453,bUBIMFM3,GnqLZ14lE,2040-12-20 21:12:32
454,dkdd0,yc8mbYWc,1994-01-05 20:45:42
455,lEl2RBe,W,2014-04-27 22:40:16
456,9xxFnyXNqT,em,2054-12-27 03:40:52
457,m82ZNLY,liJW,1970-11-17 21:11:42
458,Rj,eokb782,2031-10-12 04:13:19
459,Cw30DRT,5GWZ,1997-03-18 10:30:44
460,4R9K,LGIXeyUpxD,2044-08-21 11:24:22
461,4NuigFpo1R,xFwdlBxX,1999-04-04 03:47:13
462,h,mp1B89Ps,2024-11-12 00:48:17
463,i0iWqguUO5,Y1w595oB,2003-08-20 03:41:30
464,Ob8iSFDoVF,nWU,2012-09-20 02:24:26
465,e,LIpeAy5U,2049-12-26 21:40:08
466,DN,lmEyX,2004-12-17 01:57:42
467,ADELQzSqiB,oEu2IG,2049-10-18 19:36:02
468,Gs6bGo3wS,YNSu,1991-04-20 22:16:07
469,JagW6MACk,6TsS0,2030-09-28 03:02:24
470,95aI,pdXMm,2013-09-13 11:23:31
471,psONK3,pr1NDrGb,1975-07-17 00:06:30
472,0b,pUP3QRXx,2041-04-09 01:06:35
473,F5zngH,ROM4f7M,2045-10-20 04:20:31
474,Qm6eq49,5zkGwcz5jl,1975-06-17 11:35:54
475,hF,cBu5ObE,2068-09-30 01:19:35
476,zjVHBE,mh,1974-12-13 05:34:59
477,ltzUgv2w2,k08EjU8,2061-12-04 02:18:16
478,buIK,q24HSfLYlY,1979-04-15 14:41:05
479,2,dme3j2T,2026-03-24 02:11:08
480,WXSzp,GCc1wvV,2016-09-29 12:56:09
481,JP,L7bysQ4T,2066-09-30 13:51:47
482,MZ,z1c3ZgIDL,2020-05-08 02:27:34
483,o,t,1995-02-04 20:12:03
484,5F5HeAjc,ucET5,2003-03-03 13:42:44
485,q2A03g2yI,7,1993-03-25 07:41:13
486,gyT9Cx4,1fq3k9,2069-04-04 00:11:49
487,XHfjD1c,XzUn,1990-05-08 10:36:05
488,UymFGQNYr,0x,2018-10-22 17:10:22
489,l3e,Wfb82O1R,2036-11-01 12:15:05
490,LA,SZPDchr7,1970-06-01 16:51:44
491,pyuf1wQ,tk62juo7,1980-03-06 12:16:19
492,jhr7NGOy,jr,1982-05-17 21:27:56
493,X,7uCUsP1oU,2006-09-06 17:27:37
494,7DVETmSZN,zn8B,1974-07-03 22:15:02
495,VoQsBoY5Iz,xiBJKt0u0Q,2044-07-12 10:50:28
496,bdsh4S,DiHx5C,1970-03-19 22:54:30
497,ctLv07r,3tzP,2023-09-21 01:39:44
498,aVIerKyN7E,0kJ,1983-03-08 22:09:31
499,ve,vDvt,1978-09-16 08:40:33
